立木ID,立木号,樹種,胸高直径,樹高,矢高,材積,ステータス,間伐,レ,境界木,除外木,確認,調査地?,コメント,幹周,経度,緯度,平面直?,平面??_1
1,-1,アテ,5.199999809,4.400000095,0,0.006182291,生立木,0,0,0,0,0,1,幼木,16.29999924,136.9191088,37.30150504,144443.765,-21946.056
2,-1,アテ,18.20000076,3.900000095,33.20000076,0.049719386,枯損木,0,0,0,0,0,1,幼木,57.09999847,136.9190776,37.30155894,144449.753,-21948.802
4,-1,アテ,27.20000076,20.20000076,0,0.529774487,生立木,1,0,0,0,0,1,幼木,85.40000153,136.9190477,37.3015622,144450.122,-21951.455
5,-1,アテ,10,4,0,0.020895218,枯損木,0,0,0,0,0,1,幼木,31.39999962,136.919025,37.30158855,144453.051,-21953.455
6,-1,スギ,44.09999847,23.70000076,2,1.441264987,生立木,0,0,0,0,0,1,,138.5,136.9188359,37.30153586,144447.248,-21970.236
7,-1,アテ,10.60000038,8.899999619,0,0.044884626,生立木,0,0,0,0,0,1,,33.29999924,136.9190144,37.30153736,144447.373,-21954.41
9,-1,アテ,20.79999924,15.60000038,0.800000012,0.24421525,生立木,0,0,0,0,0,1,,65.30000305,136.9190526,37.30141654,144433.956,-21951.063
10,-1,アテ,41.40000153,23,3.099999905,1.240097761,生立木,0,0,0,0,0,1,,130,136.9190857,37.30141443,144433.714,-21948.129
11,-1,アテ,8,6.800000191,0,0.020661358,生立木,0,0,0,0,0,1,幼木,25.10000038,136.9190801,37.30146013,144438.787,-21948.612
12,-1,スギ,32.97669983,22.5,3.680500031,0.838231444,生立木,0,0,0,0,0,1,,103.3000031,136.9191937,37.3013752,144429.336,-21938.564
13,-1,アテ,6.900000095,5.800000191,0,0.013547133,生立木,0,0,0,0,0,1,幼木,21.60000038,136.9191383,37.30145507,144438.212,-21943.448
14,-1,アテ,44.79999924,23.79999924,1.899999976,1.491475701,生立木,1,1,0,0,0,1,100年木,140.6999969,136.9192608,37.30129019,144419.887,-21932.639
18,-1,アテ,36.20000076,3,25.70000076,0.13460505,枯損木,1,0,0,0,0,1,幼木,113.6999969,136.9190592,37.30152494,144445.984,-21950.444
21,-1,スギ,70.5,27.89999962,1,4.149579525,生立木,0,0,0,0,0,1,,221.3999939,136.9188938,37.30144504,144437.156,-21965.131
23,-1,スギ,35.59999847,21.39999962,8.100000381,0.865518391,生立木,0,0,0,0,0,1,,111.8000031,136.9190064,37.30145007,144437.688,-21955.142
24,-1,スギ,68.41770172,30.29999924,3.130899906,4.272681236,生立木,0,0,0,0,0,1,,214.8000031,136.9189545,37.30142365,144434.769,-21959.758
25,-1,スギ,59.47199631,29,0.980399966,3.166807413,生立木,0,0,0,0,0,1,,186.6000061,136.9189966,37.30143425,144435.935,-21956.023
28,-1,スギ,73.2913971,30.89999962,3.81069994,4.940243244,生立木,0,0,0,0,0,1,,229.8999939,136.9190269,37.30144109,144436.686,-21953.33
29,-1,スギ,33.90000153,20.89999962,1.700000048,0.770071208,生立木,1,0,0,0,0,1,,106.4000015,136.9190123,37.30142187,144434.557,-21954.627
30,-1,スギ,63.21489716,29.60000038,4.136199951,3.613047838,生立木,0,0,0,0,0,1,,198.5,136.9189213,37.30129182,144420.146,-21962.739
31,-1,スギ,55.46290207,28.29999924,0.77759999,2.720928192,生立木,0,0,0,0,0,1,,174,136.9190583,37.30123137,144413.406,-21950.611
32,-1,スギ,19.15780067,16,2.513200045,0.221582949,生立木,0,0,0,0,0,1,,60,136.9192223,37.30136903,144428.644,-21936.028
33,-1,スギ,22.34210014,17.79999924,1.1329,0.326196879,生立木,0,0,0,0,0,1,,70,136.9192575,37.30135789,144427.401,-21932.91
34,-1,アテ,45.09999847,23.89999962,2.799999952,1.516888857,生立木,0,0,0,0,0,1,,141.6000061,136.9193734,37.30133141,144424.435,-21922.642
35,-1,スギ,32.75920105,22.39999962,1.324199915,0.824506164,生立木,0,0,0,0,0,1,,102.6999969,136.9192665,37.30138005,144429.857,-21932.105
38,-1,スギ,17.20000076,13.5,0,0.151466161,生立木,0,0,0,0,0,1,,54,136.91917,37.30143402,144435.869,-21940.644
41,-1,アテ,13,10.80000019,0,0.074242502,生立木,0,0,0,0,0,1,幼木,40.79999924,136.9191316,37.30145785,144438.522,-21944.043
42,-1,スギ,59.29999924,28.89999962,1.5,3.13931632,生立木,0,0,0,0,0,1,,186.1999969,136.918896,37.30157126,144451.163,-21964.898
44,-1,ケヤキ,26.29999924,18.20000076,2.400000095,0.430704296,生立木,0,0,0,0,0,1,,82.59999847,136.9189821,37.30144045,144436.626,-21957.302
45,-1,広葉樹Ⅰ型,23.60000038,18.5,7.300000191,0.354619205,生立木,0,0,0,0,0,1,,74.09999847,136.9189614,37.30142973,144435.442,-21959.137
46,-1,広葉樹Ⅰ型,48.5,26.89999962,7.800000191,1.944629073,生立木,1,0,0,0,0,1,,152.3000031,136.9190327,37.30141859,144434.188,-21952.823
47,-1,スギ,59.29999924,28.89999962,0.699999988,3.13931632,生立木,0,0,0,0,0,1,,186.1999969,136.9189808,37.30138839,144430.849,-21957.43
48,-1,スギ,9.300000191,7.900000095,1.299999952,0.031443842,生立木,0,0,0,0,0,1,,29.20000076,136.9190029,37.30138517,144430.487,-21955.479
50,-1,スギ,12.39999962,10.30000019,2.200000048,0.065238237,生立木,0,0,0,0,0,1,,38.90000153,136.9190302,37.30136248,144427.963,-21953.059
51,-1,スギ,43.72529984,25.79999924,1.541499972,1.607648373,生立木,1,0,0,0,0,1,,137.1999969,136.9189647,37.30130228,144421.297,-21958.887
52,-1,スギ,5.599999905,4.699999809,0,0.007553482,生立木,0,0,0,0,0,1,,17.5,136.9190796,37.30139936,144432.043,-21948.67
53,-1,スギ,75.66279602,31.20000076,0.65259999,5.286615849,生立木,0,0,0,0,0,1,,237.5,136.9189155,37.30123293,144413.612,-21963.266
54,-1,スギ,56.20000076,26,2.200000048,2.50990057,生立木,0,0,0,0,0,1,,176.5,136.9190305,37.30133747,144425.187,-21953.038
55,-1,スギ,77.57929993,31.39999962,1.460399985,5.56901598,生立木,0,0,0,0,0,1,,243.3999939,136.9189864,37.30127549,144418.319,-21956.968
56,-1,スギ,14.10000038,11.5,10.5,0.091142729,生立木,0,0,0,0,0,1,,44.20000076,136.9190658,37.30136768,144428.532,-21949.907
57,-1,スギ,20.5,15.39999962,13.10000038,0.235058188,生立木,0,0,0,0,0,1,,64.40000153,136.9190755,37.30134498,144426.01,-21949.049
58,-1,スギ,62.11569977,29.39999962,1.503000021,3.47563529,生立木,0,0,0,0,0,1,,195,136.9190175,37.30121109,144411.165,-21954.23
59,-1,スギ,65.89600372,30,1.360999942,3.950170994,生立木,0,0,0,0,0,1,,206.6999969,136.9190553,37.30120237,144410.188,-21950.886
60,-1,スギ,33.79999924,20.89999962,5.099999905,0.76573813,生立木,0,0,0,0,0,1,,106.0999985,136.9190885,37.30132453,144423.737,-21947.907
61,-1,スギ,74.64579773,31.10000038,0,5.141114235,生立木,0,0,0,0,0,1,,234.3000031,136.9190805,37.3012589,144416.456,-21948.633
62,-1,スギ,11.90410042,10.80000019,1.047500014,0.062895566,生立木,0,0,0,0,0,1,,37.29999924,136.9191019,37.30137249,144429.057,-21946.699
63,-1,スギ,8.300000191,7,5.400000095,0.022753291,生立木,0,0,0,0,0,1,,26,136.9191054,37.3014085,144433.052,-21946.383
64,-1,スギ,28.21860123,20.60000038,2.806499958,0.57771194,生立木,0,0,0,0,0,1,,88.5,136.9191455,37.30121557,144411.633,-21942.88
65,-1,スギ,68.57479858,30.29999924,1.210799932,4.290621758,生立木,0,0,0,0,0,1,,215.1000061,136.9191245,37.30135446,144427.05,-21944.7
66,-1,スギ,59.59999847,26.5,1,2.861306429,生立木,0,0,0,0,0,1,,187.1999969,136.9191673,37.30128375,144419.194,-21940.935
67,-1,アテ,38.90000153,22.39999962,0.800000012,1.072586179,生立木,0,0,0,0,0,1,,122.1999969,136.9191439,37.30135138,144426.704,-21942.988
68,-1,スギ,65.80960083,29.89999962,0,3.927679062,生立木,1,0,0,0,0,1,,206.6999969,136.9191689,37.30133594,144424.985,-21940.774
69,-1,アテ,18.20000076,14.10000038,1.700000048,0.174663499,生立木,0,0,0,0,0,1,,57.09999847,136.9192157,37.30129971,144420.954,-21936.637
70,-1,スギ,57.59999847,26.20000076,2.200000048,2.650692463,生立木,0,0,0,0,0,1,,180.8999939,136.919287,37.30125466,144415.938,-21930.323
71,-1,スギ,72.80000305,28.20000076,1.200000048,4.458913326,生立木,0,0,0,0,0,1,,228.6999969,136.9191991,37.3013433,144425.794,-21938.09
72,-1,スギ,22.20000076,16.29999924,3.700000048,0.286168963,生立木,0,0,0,0,0,1,,69.69999695,136.9191441,37.30139416,144431.451,-21942.954
73,-1,スギ,21.70000076,16,3.099999905,0.269934475,生立木,0,0,0,0,0,1,,68.09999847,136.9193116,37.30136964,144428.692,-21928.11
74,-1,スギ,32.48970032,22.29999924,1.410400033,0.808558404,生立木,1,0,0,0,0,1,,101.6999969,136.9192869,37.30138785,144430.718,-21930.299
75,-1,スギ,36.6568985,23.79999924,3.564899921,1.075266004,生立木,0,0,0,0,0,1,,114.9000015,136.9193093,37.30139073,144431.033,-21928.313
76,-1,スギ,9.899999619,8.399999619,0,0.03740659,生立木,0,0,0,0,0,1,,31.10000038,136.9192027,37.30140349,144432.473,-21937.76
82,-1,スギ,20.39999962,15.39999962,9,0.232981265,生立木,0,0,0,0,0,1,,64,136.9189552,37.30138537,144430.52,-21959.701
83,-1,スギ,8.022199631,7.300000191,0,0.020734204,生立木,0,0,0,0,0,1,,25.10000038,136.9191064,37.30137688,144429.543,-21946.301
84,-1,スギ,51.20000076,27.5,7.599999905,2.285096407,生立木,0,0,0,0,0,1,,160.8000031,136.9190411,37.30115693,144405.149,-21952.153
85,-1,スギ,45.90000153,26.29999924,3,1.790501952,生立木,0,0,0,0,0,1,,144.1000061,136.9190743,37.30115799,144405.259,-21949.211
86,-1,スギ,35.79999924,21.5,1.200000048,0.878873527,生立木,0,0,0,0,0,1,,112.4000015,136.9191296,37.30127575,144418.315,-21944.272
87,-1,スギ,20.95460129,17,2.71239996,0.277199328,生立木,0,0,0,0,0,1,,65.59999847,136.919133,37.30123954,144414.295,-21943.984
88,-1,スギ,34,21,1.399999976,0.778081179,生立木,0,0,0,0,0,1,,106.8000031,136.9191322,37.30114805,144404.142,-21944.083
89,-1,スギ,64.4720993,29.70000076,1.812100053,3.757958412,生立木,0,0,0,0,0,1,,202.3000031,136.9191419,37.3011249,144401.572,-21943.23
90,-1,スギ,77.85869598,31.39999962,5.693099976,5.605712891,生立木,0,0,0,0,0,1,,244.3999939,136.91921,37.30117113,144406.686,-21937.178
91,-1,アテ,18.60000038,14.39999962,1.899999976,0.185239851,生立木,0,0,0,0,0,1,,58.40000153,136.9192053,37.30126638,144417.258,-21937.567
93,-1,スギ,20.43020058,16.70000076,1.791500092,0.260022283,生立木,0,0,0,0,0,1,,64,136.9192789,37.30128061,144418.819,-21931.038
94,-1,スギ,53.40000153,25.5,0.400000006,2.233166695,生立木,1,0,0,0,0,1,,167.6999969,136.9193611,37.30123774,144414.043,-21923.759
95,-1,スギ,54,25.60000038,4.099999905,2.29018712,生立木,0,0,0,0,0,1,,169.6000061,136.9194004,37.30123334,144413.545,-21920.283
96,-1,スギ,15.87989998,13.80000019,2.363199949,0.135799646,生立木,0,0,0,0,0,1,,49.59999847,136.9192333,37.30134867,144426.383,-21935.062
97,-1,アテ,46.79999924,24.20000076,2.5,1.648183703,生立木,0,0,0,0,0,1,,147,136.9194014,37.30129665,144420.571,-21920.173
98,-1,アテ,42,23.20000076,5,1.285615802,生立木,0,0,0,0,0,1,,131.8999939,136.9193642,37.30136182,144427.812,-21923.451
99,-1,アテ,55.09999847,25.79999924,3.400000095,2.398512363,生立木,0,0,0,0,0,1,,173.1000061,136.9194102,37.30137949,144429.762,-21919.368
100,-1,スギ,13.5,11.10000038,9.899999619,0.081531867,生立木,0,0,0,0,0,1,,42.40000153,136.9193749,37.30140081,144432.136,-21922.497
101,-1,スギ,17.20000076,13.5,6.099999905,0.151466161,生立木,0,0,0,0,0,1,,54,136.9193521,37.30139537,144431.538,-21924.513
103,-1,スギ,5,4.199999809,7.699999809,0.005508246,生立木,0,0,0,0,0,1,,15.69999981,136.9193118,37.30141312,144433.516,-21928.087
106,-1,スギ,17.89999962,14,1.399999976,0.168369204,生立木,1,0,0,0,0,1,,56.20000076,136.9191653,37.3013168,144422.862,-21941.099
107,-1,スギ,44.29999924,23.70000076,2.799999952,1.453775287,生立木,0,0,0,0,0,1,,139.1000061,136.9191601,37.30125969,144416.526,-21941.579
108,-1,スギ,39.09999847,22.39999962,1.200000048,1.083143592,生立木,0,0,0,0,0,1,,122.8000031,136.9191979,37.30112026,144401.044,-21938.267
109,-1,アテ,48.09999847,24.5,0.800000012,1.758030772,生立木,0,1,0,0,0,1,100年木,151.1000061,136.9193302,37.30111192,144400.088,-21926.541
110,-1,アテ,36.79999924,21.79999924,3.700000048,0.939144969,生立木,0,0,0,0,0,1,,115.5999985,136.9193639,37.30114107,144403.315,-21923.542
111,-1,スギ,13.5,11.10000038,4,0.081531867,生立木,1,0,0,0,0,1,,42.40000153,136.9193567,37.30126231,144416.77,-21924.146
112,-1,スギ,66,30,1.200000048,3.961567879,生立木,0,0,0,0,0,1,,207.3000031,136.9194263,37.30118912,144408.632,-21917.993
113,-1,スギ,9.199999809,8.399999619,2.200000048,0.030610215,生立木,0,0,0,0,0,1,,28.89999962,136.9193306,37.30130858,144421.912,-21926.446
114,-1,スギ,32,20.29999924,2.099999905,0.67014879,生立木,1,0,0,0,0,1,,100.5,136.9193674,37.30129465,144420.357,-21923.186
115,-1,アテ,6.400000095,5.400000095,0,0.01101415,生立木,0,0,0,0,0,1,,20.10000038,136.9193492,37.3013266,144423.906,-21924.797
116,-1,アテ,37,21.89999962,2.599999905,0.953223884,生立木,0,0,0,0,0,1,,116.1999969,136.919462,37.30129133,144419.966,-21914.805
117,-1,アテ,9,7.599999905,0.400000006,0.028555041,生立木,0,0,0,0,0,1,,28.20000076,136.9193457,37.30135234,144426.763,-21925.099
118,-1,スギ,25.20000076,17.70000076,3.299999952,0.388501644,生立木,0,0,0,0,0,1,,79.09999847,136.9195073,37.30137229,144428.94,-21910.762
119,-1,アテ,17.39999962,13.69999981,3.700000048,0.156780869,生立木,0,0,0,0,0,1,,54.59999847,136.9194483,37.30137532,144429.29,-21915.993
120,-1,アテ,2,1.899999976,0,0.000471203,生立木,0,0,0,0,0,1,幼木,6.199999809,136.9193922,37.30139807,144431.828,-21920.962
122,-1,アテ,7,5.900000095,1,0.014133522,生立木,0,0,0,0,0,1,幼木,21.89999962,136.9193753,37.30134634,144426.091,-21922.475
123,-1,スギ,63,27,1.299999952,3.240525246,生立木,0,0,0,0,0,1,,197.8999939,136.9195144,37.30122134,144412.188,-21910.18
124,-1,スギ,36.5,21.70000076,1.700000048,0.920380414,生立木,0,0,0,0,0,1,,114.5999985,136.9197107,37.30136099,144427.639,-21892.739
125,-1,アテ,35.79999924,21.5,2.299999952,0.878873527,生立木,1,0,0,0,0,1,,112.4000015,136.9196992,37.30138062,144429.82,-21893.751
126,-1,アテ,46.29999924,24.10000038,1.799999952,1.608113408,生立木,0,0,0,0,0,1,,145.3999939,136.9196729,37.30137827,144429.566,-21896.077
127,-1,アテ,8.399999619,7.099999905,0,0.023569275,生立木,0,0,0,0,0,1,幼木,26.29999924,136.9194869,37.30134122,144425.498,-21912.58
128,-1,アテ,7.300000191,6.199999809,4.800000191,0.015989361,生立木,0,0,0,0,0,1,幼木,22.89999962,136.9194626,37.30133511,144424.825,-21914.736
129,-1,アテ,10,8.399999619,0,0.038158674,生立木,0,0,0,0,0,1,幼木,31.39999962,136.9194231,37.30135826,144427.403,-21918.236
130,-1,アテ,4,3.299999952,0,0.002911087,生立木,0,0,0,0,0,1,幼木,12.5,136.9193943,37.30136935,144428.64,-21920.783
131,-1,アテ,5.599999905,4.699999809,0,0.007553482,生立木,0,0,0,0,0,1,幼木,17.5,136.91939,37.30136014,144427.619,-21921.169
133,-1,アテ,13.69999981,11.30000019,2.200000048,0.085121833,生立木,1,0,0,0,0,1,,43,136.9193037,37.30123987,144414.293,-21928.852
134,-1,スギ,30.89999962,19.89999962,1.100000024,0.626388133,生立木,0,0,0,0,0,1,,97,136.9193112,37.3011871,144408.435,-21928.204
135,-1,アテ,27.10000038,18.5,1.399999976,0.461655825,生立木,0,0,0,0,0,1,,85.09999847,136.9193056,37.301097,144398.437,-21928.724
136,-1,スギ,30.5,19.79999924,2.099999905,0.608925641,生立木,1,0,0,0,0,1,,95.80000305,136.919323,37.30108739,144397.367,-21927.188
137,-1,スギ,13.89999962,11.39999962,1.700000048,0.088100508,生立木,0,0,0,0,0,1,,43.59999847,136.919403,37.30124848,144415.225,-21920.042
138,-1,アテ,30.5,19.79999924,3,0.608925641,生立木,1,0,0,0,0,1,,95.80000305,136.9193823,37.30114084,144403.284,-21921.913
139,-1,アテ,49,24.70000076,1.299999952,1.836102605,生立木,0,0,0,0,0,1,,153.8999939,136.9194251,37.30127381,144418.031,-21918.082
140,-1,スギ,43.20000076,23.39999962,1.100000024,1.368254781,生立木,0,0,0,0,0,1,,135.6999969,136.9194758,37.30111656,144400.569,-21913.629
141,-1,スギ,32.20000076,20.39999962,0.800000012,0.681476295,生立木,0,0,0,0,0,1,,101.0999985,136.9194936,37.30107265,144395.692,-21912.062
142,-1,スギ,16.10000038,12.89999962,6,0.12885195,生立木,0,0,0,0,0,1,,50.5,136.9194695,37.30121323,144411.298,-21914.161
143,-1,スギ,28.89999962,19.20000076,6.900000095,0.536807835,生立木,1,0,0,0,0,1,,90.69999695,136.9195065,37.30116966,144406.454,-21910.891
144,-1,スギ,48,24.5,0.5,1.751056552,生立木,0,0,0,0,0,1,,150.6999969,136.9194942,37.30121366,144411.34,-21911.967
145,-1,アテ,14.89999962,12.10000038,1.700000048,0.10556116,生立木,0,0,0,0,0,1,,46.79999924,136.9194994,37.30122478,144412.572,-21911.506
146,-1,アテ,32.59999847,20.5,0.699999988,0.701120317,生立木,0,0,0,0,0,1,,102.4000015,136.9195761,37.30112416,144401.389,-21904.739
147,-1,スギ,68.5,27.70000076,1.5,3.899787188,生立木,0,0,0,0,0,1,,215.1000061,136.9195214,37.30124209,144414.489,-21909.555
148,-1,スギ,27.10000038,18.5,2.299999952,0.461655825,生立木,0,0,0,0,0,1,,85.09999847,136.9195727,37.3012076,144410.649,-21905.017
149,-1,スギ,39.59999847,22.60000038,3,1.11955452,生立木,1,0,0,0,0,1,,124.4000015,136.9195706,37.3012421,144414.479,-21905.193
151,-1,アテ,30.10000038,19.60000038,4.800000191,0.588992417,生立木,0,0,0,0,0,1,,94.5,136.9196744,37.30121121,144411.027,-21895.997
152,-1,スギ,49,24.70000076,1,1.836102605,生立木,0,0,0,0,0,1,,153.8999939,136.9196176,37.30125458,144415.852,-21901.018
153,-1,スギ,65.40000153,29.89999962,0.899999976,3.883132219,生立木,0,0,0,0,0,1,,205.3999939,136.9196013,37.3012809,144418.776,-21902.459
154,-1,アテ,36.5,21.70000076,0.699999988,0.920380414,生立木,0,1,0,0,0,1,100年木,114.5999985,136.9196883,37.3012823,144418.912,-21894.745
155,-1,スギ,47.70000076,24.39999962,2.099999905,1.72322619,生立木,0,0,0,0,0,1,,149.8000031,136.9195319,37.30131112,144422.147,-21908.604
156,-1,アテ,59.5,26.5,2.799999952,2.852144003,生立木,0,1,0,0,0,1,100年木,186.8999939,136.919471,37.30131958,144423.099,-21914.001
157,-1,スギ,68.59999847,27.70000076,1.700000048,3.910668373,生立木,0,0,0,0,0,1,,215.5,136.919762,37.30131888,144422.955,-21888.204
158,-1,アテ,23.39999962,16.89999962,2.400000095,0.325487167,生立木,0,0,0,0,0,1,,73.5,136.9195944,37.30132825,144424.033,-21903.051
159,-1,スギ,70.88230133,30.60000038,0,4.602834702,生立木,0,0,0,0,0,1,,222.3999939,136.9196718,37.30134027,144425.349,-21896.188
160,-1,アテ,49.79999924,24.79999924,1.399999976,1.901368856,生立木,0,0,0,0,0,1,,156.3999939,136.9195982,37.30134903,144426.338,-21902.708
161,-1,アテ,42.5,23.29999924,4.800000191,1.320613742,生立木,0,0,0,0,0,1,,133.5,136.9196344,37.30139806,144431.77,-21899.488
164,-1,アテ,11.69999981,9.800000191,0,0.056086067,生立木,0,0,0,0,0,1,幼木,36.70000076,136.9195444,37.3013707,144428.756,-21907.476
165,-1,アテ,12,10,0,0.059822991,生立木,0,0,0,0,0,1,幼木,37.59999847,136.9195503,37.30138545,144430.39,-21906.945
166,-1,アテ,9.699999809,8.199999809,0,0.035228807,生立木,0,0,0,0,0,1,幼木,30.39999962,136.9195313,37.30136063,144427.641,-21908.639
167,-1,スギ,49.79999924,24.79999924,1.100000024,1.901368856,生立木,0,0,0,0,0,1,,156.3999939,136.9192651,37.30114996,144404.324,-21932.301
168,-1,アテ,19.29999924,14.80000019,2.599999905,0.203133285,生立木,0,0,0,0,0,1,,60.59999847,136.9193874,37.30117855,144407.468,-21921.446
169,-1,スギ,59.5,26.5,0.800000012,2.852144003,生立木,0,0,0,0,0,1,,186.8999939,136.9194185,37.30115564,144404.919,-21918.698
170,-1,アテ,16.5,5.5,3.599999905,0.061581682,枯損木,1,0,0,0,0,1,,51.79999924,136.9194248,37.30116307,144405.742,-21918.142
172,-1,スギ,13.89999962,11.39999962,0.5,0.088100508,生立木,0,0,0,0,0,1,,43.59999847,136.9195477,37.30125044,144415.409,-21907.219
173,-1,スギ,27.70000076,18.70000076,1.700000048,0.485140681,生立木,1,0,0,0,0,1,,87,136.9196389,37.30124552,144414.842,-21899.13
174,-1,アテ,29.60000038,19.5,4.599999905,0.568677962,生立木,0,0,0,0,0,1,,92.90000153,136.9197297,37.30120021,144409.792,-21891.098
175,-1,アテ,22.20000076,16.29999924,1.700000048,0.286168963,生立木,0,0,0,0,0,1,,69.69999695,136.9197434,37.30123407,144413.547,-21889.878
176,-1,アテ,27.60000038,18.70000076,2.200000048,0.481966645,生立木,0,0,0,0,0,1,,86.69999695,136.9197062,37.30127959,144418.607,-21893.157
177,-1,アテ,31.79999924,20.20000076,1,0.658944607,生立木,0,0,0,0,0,1,,99.90000153,136.9197458,37.30128824,144419.558,-21889.642
178,-1,アテ,26.39999962,18.20000076,2.5,0.43368119,生立木,1,0,0,0,0,1,,82.90000153,136.9196642,37.30132779,144423.966,-21896.871
180,-1,アテ,54.02670288,28,4.181399822,2.566302538,生立木,0,0,0,0,0,1,,169.6000061,136.9197643,37.30140098,144432.065,-21887.972
181,-1,スギ,33.09999847,20.70000076,1.399999976,0.728768647,生立木,1,0,0,0,0,1,,103.9000015,136.9196474,37.30136427,144428.017,-21898.342
185,-1,アテ,23.60000038,17,3.200000048,0.332349539,生立木,1,0,0,0,0,1,,74.09999847,136.9195964,37.30110561,144399.326,-21902.942
186,-1,スギ,25.70000076,17.89999962,0.899999976,0.406780481,生立木,1,0,0,0,0,1,,80.69999695,136.9196096,37.30118925,144408.604,-21901.752
187,-1,アテ,34.20000076,21,2.299999952,0.786846638,生立木,0,0,0,0,0,1,,107.4000015,136.9196379,37.30117017,144406.48,-21899.244
188,-1,アテ,29.89999962,19.60000038,2.400000095,0.581908703,生立木,1,0,0,0,0,1,,93.90000153,136.919691,37.30108357,144396.858,-21894.559
189,-1,スギ,44,23.60000038,2,1.42903924,生立木,1,0,0,0,0,1,,138.1999969,136.9197674,37.30111769,144400.627,-21887.779
190,-1,アテ,42.09999847,23.20000076,3.299999952,1.29146862,生立木,0,0,0,0,0,1,,132.1999969,136.9197464,37.30115501,144404.773,-21889.633
191,-1,アテ,24.89999962,17.60000038,1.899999976,0.378175497,生立木,1,0,0,0,0,1,,78.19999695,136.9197415,37.30121486,144411.416,-21890.047
192,-1,スギ,68.16870117,30.29999924,2.719899893,4.244314671,生立木,0,0,0,0,0,1,,213.8999939,136.9198624,37.30122851,144412.903,-21879.325
193,-1,スギ,18.79999924,14.5,4.400000095,0.190074816,生立木,0,0,0,0,0,1,,59,136.9198142,37.30125504,144415.858,-21883.594
194,-1,アテ,45.29999924,23.89999962,0.800000012,1.529763103,生立木,0,0,0,0,0,1,,142.3000031,136.9198627,37.30128791,144419.494,-21879.28
195,-1,アテ,50.29999924,24.89999962,2.099999905,1.945728064,生立木,0,0,0,0,0,1,,158,136.919741,37.30136851,144428.466,-21890.045
200,-1,アテ,29.60000038,19.5,2.599999905,0.568677962,生立木,1,0,0,0,0,1,,92.90000153,136.9197944,37.3011954,144409.244,-21885.366
201,-1,アテ,23.39999962,16.89999962,1.200000048,0.325487167,生立木,1,0,0,0,0,1,,73.5,136.9197022,37.30139715,144431.654,-21893.475
202,-1,スギ,9.5,8,1.200000048,0.033133879,生立木,0,0,0,0,0,1,,29.79999924,136.9197747,37.30139009,144430.853,-21887.052
204,-1,アテ,49.90000153,24.89999962,2.200000048,1.9162817,生立木,0,0,0,0,0,1,,156.6999969,136.9198466,37.30140824,144432.851,-21880.677
210,-1,スギ,55.06400299,28.20000076,0.994400024,2.675866842,生立木,0,0,0,0,0,1,,172.6999969,136.9198235,37.30117366,144406.825,-21882.787
211,-1,アテ,12,10,3.400000095,0.059822991,生立木,0,0,0,0,0,1,,37.59999847,136.919779,37.30132384,144423.501,-21886.693
212,-1,スギ,16.34259987,14.10000038,0.745499969,0.14620252,生立木,0,0,0,0,0,1,,51.20000076,136.9198003,37.30138809,144430.625,-21884.785
214,-1,スギ,12.10000038,10.10000038,0.699999988,0.061288331,生立木,0,0,0,0,0,1,,38,136.9197943,37.30140858,144432.901,-21885.306
215,-1,アテ,43.20000076,23.39999962,1.799999952,1.368254781,生立木,1,0,0,0,0,1,,135.6999969,136.9198742,37.30140736,144432.748,-21878.231
216,-1,アテ,60.90000153,26.70000076,0.600000024,3.003955603,生立木,0,0,0,0,0,1,,191.3000031,136.9199017,37.30140676,144432.675,-21875.791
217,-1,アテ,51.20000076,25.10000038,1.799999952,2.028757334,生立木,0,0,0,0,0,1,,160.8000031,136.919953,37.30141928,144434.051,-21871.238
223,-1,アテ,15.60000038,12.5,0,0.118212067,生立木,1,0,0,0,0,1,,49,136.9198398,37.30140507,144432.501,-21881.275
224,-1,スギ,6.900000095,5.800000191,0,0.013547133,生立木,0,0,0,0,0,1,,21.60000038,136.9198608,37.30138965,144430.785,-21879.422
225,-1,スギ,67.41819763,30.20000076,3.777399778,4.145712376,生立木,0,0,0,0,0,1,,211.6999969,136.9199325,37.30122251,144412.22,-21873.117
226,-1,スギ,66.59999847,27.5,3.400000095,3.669393539,生立木,0,0,0,0,0,1,,209.1999969,136.9199958,37.30138199,144429.903,-21867.459
227,-1,アテ,32.70000076,20.5,1.700000048,0.705233932,生立木,0,0,0,0,0,1,,102.6999969,136.9200137,37.30138453,144430.181,-21865.87
229,-1,アテ,6,5,0,0.009105544,生立木,0,0,0,0,0,1,幼木,18.79999924,136.9199331,37.30141014,144433.042,-21873.006
230,-1,スギ,72.90000153,28.20000076,2.900000095,4.470619202,生立木,1,0,0,0,0,1,,229,136.9201009,37.30142297,144434.427,-21858.128
231,-1,アテ,5.099999905,4.599999905,0,0.005731484,生立木,0,0,0,0,0,1,幼木,16,136.9199955,37.30143797,144436.116,-21867.468
242,-1,スギ,52.18629837,27.70000076,2.234600067,2.383232594,生立木,0,0,0,0,0,1,,163.6000061,136.9198942,37.30122719,144412.748,-21876.503
243,-1,スギ,42.70000076,23.29999924,1.5,1.332509279,生立木,0,0,0,0,0,1,,134.1000061,136.9199444,37.30127387,144417.917,-21872.044
244,-1,スギ,40.20000076,22.70000076,1.600000024,1.157220602,生立木,0,0,0,0,0,1,,126.1999969,136.9200224,37.30125091,144415.351,-21865.132
245,-1,スギ,52.20000076,27.70000076,0,2.740826368,生立木,0,0,0,0,0,1,,163.8999939,136.920047,37.30121617,144411.491,-21862.966
246,-1,スギ,18.20000076,14.10000038,1.200000048,0.174663499,生立木,0,0,0,0,0,1,,57.09999847,136.9200319,37.30132724,144423.82,-21864.274
247,-1,スギ,41.5,23,2.400000095,1.245825171,生立木,0,0,0,0,0,1,,130.3000031,136.9201085,37.30128227,144418.811,-21857.494
248,-1,アテ,24.60000038,17.39999962,2.200000048,0.366084337,生立木,1,0,0,0,0,1,,77.19999695,136.9199829,37.30139004,144430.8,-21868.597
259,-1,アテ,14.89999962,12.10000038,4,0.10556116,生立木,0,0,0,0,0,1,,46.79999924,136.9199975,37.30133628,144424.831,-21867.315
260,-1,アテ,37.79999924,22.10000038,1.200000048,1.001947165,生立木,0,0,0,0,0,1,,118.6999969,136.9202415,37.30138511,144430.193,-21845.67
261,-1,アテ,41.90000153,23.10000038,1.100000024,1.274318576,生立木,0,0,0,0,0,1,,131.6000061,136.92016,37.30141912,144433.987,-21852.887
262,-1,スギ,61.93379974,29.39999962,3.462500095,3.45706296,生立木,0,0,0,0,0,1,,194.3999939,136.9203067,37.3014548,144437.912,-21839.869
271,-1,スギ,9.014499664,8.199999809,0,0.028795207,生立木,0,0,0,0,0,1,,28.20000076,136.920009,37.30141837,144433.938,-21866.278
272,-1,アテ,36.79999924,21.79999924,4.599999905,0.939144969,生立木,0,0,0,0,0,1,,115.5999985,136.9200379,37.30142931,144435.145,-21863.708
273,-1,スギ,39.79999924,22.60000038,5.099999905,1.1303792,生立木,0,0,0,0,0,1,,125,136.9199953,37.30132267,144423.321,-21867.514
274,-1,アテ,27.5,18.60000038,5.800000191,0.476450175,生立木,0,0,0,0,0,1,,86.30000305,136.9200807,37.30141837,144433.921,-21859.922
276,-1,スギ,32,20.29999924,3.900000095,0.67014879,生立木,0,0,0,0,0,1,,100.5,136.9200966,37.30136942,144428.485,-21858.525
277,-1,スギ,58.70000076,28.79999924,3,3.070947886,生立木,0,0,0,0,0,1,,184.3999939,136.9201424,37.30121945,144411.832,-21854.502
278,-1,アテ,34.29999924,21,3.599999905,0.791246772,生立木,1,0,0,0,0,1,,107.6999969,136.9201351,37.30131947,144422.934,-21855.12
279,-1,アテ,49.20000076,24.70000076,2.700000048,1.850443482,生立木,0,0,0,0,0,1,,154.5,136.9202492,37.30126539,144416.906,-21845.026
280,-1,アテ,59.20000076,26.39999962,1.899999976,2.814194918,生立木,0,0,0,0,0,1,,185.8999939,136.9202629,37.3013222,144423.207,-21843.798
281,-1,スギ,18.70000076,14.39999962,2.5,0.187051341,生立木,0,0,0,0,0,1,,58.70000076,136.9201325,37.30142748,144434.92,-21855.32
282,-1,アテ,39.90000153,22.60000038,2.099999905,1.135810256,生立木,0,0,0,0,0,1,,125.3000031,136.9201988,37.30139795,144431.627,-21849.451
283,-1,アテ,3,2.599999905,0,0.001356913,生立木,0,0,0,0,0,1,幼木,9.399999619,136.9201254,37.30143391,144435.636,-21855.948
284,-1,スギ,50.84519959,27.39999962,0.295300007,2.24810791,生立木,0,0,0,0,0,1,,159.5,136.9202774,37.30138004,144429.623,-21842.495
285,-1,アテ,27.39999962,18.60000038,4,0.473310351,生立木,1,0,0,0,0,1,,86,136.9202366,37.30140871,144432.813,-21846.104
286,-1,アテ,50.40000153,25,1.100000024,1.960882783,生立木,0,0,0,0,0,1,,158.3000031,136.9203261,37.30140196,144432.044,-21838.167
287,-1,スギ,4,3.299999952,0,0.002911087,生立木,0,0,0,0,0,1,,12.5,136.920155,37.30144019,144436.325,-21853.329
293,-1,スギ,36.40000153,21.70000076,2.099999905,0.915570199,生立木,0,0,0,0,0,1,,114.3000031,136.920114,37.30125361,144415.63,-21857.013
294,-1,スギ,23.39999962,16.89999962,4.199999809,0.325487167,生立木,0,0,0,0,0,1,,73.5,136.9201415,37.30136209,144427.662,-21854.547
295,-1,アテ,37.70000076,22,0.600000024,0.992428005,生立木,0,0,0,0,0,1,,118.4000015,136.9201805,37.30126852,144417.269,-21851.117
296,-1,アテ,31.39999962,20.10000038,0.300000012,0.640053868,生立木,0,0,0,0,0,1,,98.59999847,136.9201858,37.30127203,144417.657,-21850.645
297,-1,スギ,66.69999695,27.5,0.699999988,3.679924011,生立木,0,0,0,0,0,1,,209.5,136.9203114,37.30141493,144433.486,-21839.468
298,-1,スギ,15.89999962,12.69999981,8.899999619,0.124167077,生立木,0,0,0,0,0,1,,49.90000153,136.9202923,37.30142896,144435.048,-21841.157
299,-1,アテ,40.09999847,22.70000076,2.099999905,1.151728392,生立木,0,0,0,0,0,1,,125.9000015,136.9203403,37.30141453,144433.435,-21836.903
300,-1,アテ,31.5,20.10000038,1.700000048,0.643952906,生立木,0,0,0,0,0,1,,98.90000153,136.9202508,37.30144617,144436.967,-21844.831
301,-1,スギ,54.70000076,25.70000076,5.300000191,2.356295347,生立木,0,0,0,0,0,1,,171.8000031,136.9203482,37.30144242,144436.528,-21836.198
310,-1,アテ,2,1.899999976,0,0.000471203,生立木,0,0,0,0,0,1,幼木,6.199999809,136.9202282,37.30142495,144434.617,-21846.843
311,-1,アテ,48.59999847,24.60000038,4,1.800340772,生立木,0,0,0,0,0,1,,152.6000061,136.9203103,37.30128771,144419.368,-21839.6
312,-1,アテ,52.59999847,25.39999962,7.099999905,2.161284208,生立木,0,0,0,0,0,1,,165.1999969,136.9203626,37.30126863,144417.239,-21834.967
313,-1,アテ,47.59999847,24.39999962,3.099999905,1.716332436,生立木,1,0,0,0,0,1,,149.5,136.9203541,37.30129317,144419.965,-21835.714
314,-1,アテ,23.5,16.89999962,3.799999952,0.328016102,生立木,1,0,0,0,0,1,,73.80000305,136.9203078,37.30138938,144430.652,-21839.79
315,-1,アテ,45.5,24,3.299999952,1.549074411,生立木,0,0,0,0,0,1,,142.8999939,136.9204356,37.30129733,144420.407,-21828.494
316,-1,アテ,37.20000076,21.89999962,1.700000048,0.963089526,生立木,0,0,0,0,0,1,,116.8000031,136.9204704,37.30130012,144420.709,-21825.405
317,-1,アテ,28.39999962,19,2.599999905,0.515093803,生立木,1,0,0,0,0,1,,89.19999695,136.9204689,37.30132993,144424.017,-21825.533
318,-1,スギ,33.79999924,20.89999962,13.89999962,0.76573813,生立木,1,0,0,0,0,1,,106.0999985,136.9203603,37.30140988,144432.915,-21835.132
319,-1,スギ,37.59999847,22,1.899999976,0.987405956,生立木,1,0,0,0,0,1,,118.0999985,136.9204707,37.30134229,144425.388,-21825.365
320,-1,スギ,21.20000076,15.80000019,6.199999809,0.255780548,生立木,0,0,0,0,0,1,,66.59999847,136.9204005,37.30142547,144434.635,-21831.562
321,-1,スギ,47.40000153,24.39999962,1.299999952,1.702585101,生立木,0,0,0,0,0,1,,148.8999939,136.9204954,37.30139263,144430.969,-21823.162
323,-1,アテ,20.89999962,15.60000038,1.799999952,0.246350378,生立木,0,0,0,0,0,1,,65.59999847,136.9204418,37.30147491,144440.112,-21827.891
337,-1,アテ,4,3.299999952,0,0.002911087,生立木,0,0,0,0,0,1,幼木,12.5,136.9203548,37.30146799,144439.364,-21835.601
338,-1,スギ,63.09999847,27,0.899999976,3.250356674,生立木,0,0,0,0,0,1,,198.1999969,136.9204291,37.30142966,144435.093,-21829.027
339,-1,スギ,12.89999962,10.69999981,2.5,0.072586522,生立木,0,0,0,0,0,1,,40.5,136.9204275,37.30145261,144437.641,-21829.162
340,-1,スギ,37.79999924,22.10000038,0.5,1.001947165,生立木,0,0,0,0,0,1,,118.6999969,136.9204892,37.30141332,144433.267,-21823.708
341,-1,スギ,59.40000153,26.5,0.800000012,2.842995405,生立木,0,0,0,0,0,1,,186.6000061,136.9204736,37.30143253,144435.402,-21825.085
342,-1,スギ,54.70000076,25.70000076,5.800000191,2.356295347,生立木,0,0,0,0,0,1,,171.8000031,136.9204198,37.30147199,144439.793,-21829.844
343,-1,スギ,42.79999924,23.39999962,3.299999952,1.344158649,生立木,1,0,0,0,0,1,,134.3999939,136.9204997,37.30144018,144436.245,-21822.768
344,-1,アテ,18.79999924,14.5,3.599999905,0.190074816,生立木,0,0,0,0,0,1,,59,136.9204762,37.30146041,144438.495,-21824.849
345,-1,アテ,36.59999847,21.70000076,5.199999809,0.925202608,生立木,0,0,0,0,0,1,,114.9000015,136.9205537,37.30144843,144437.148,-21817.978
347,-1,スギ,41,22.89999962,1.100000024,1.21207726,生立木,1,0,0,0,0,1,,128.8000031,136.9204893,37.30149936,144442.814,-21823.676
348,-1,スギ,41,25,2.400000095,1.385337353,生立木,0,0,0,0,0,1,,128.8000031,136.9205697,37.30152998,144446.194,-21816.534
357,-1,アテ,3,2.599999905,0,0.001356913,生立木,0,0,0,0,0,1,幼木,9.399999619,136.9203765,37.30144836,144437.181,-21833.684
358,-1,アテ,10.26149941,9.399999619,1.141100049,0.041780852,生立木,0,0,0,0,0,1,,32,136.9204003,37.30144901,144437.248,-21831.578
359,-1,スギ,23.10000038,16.70000076,0.200000003,0.31449616,生立木,0,0,0,0,0,1,,72.5,136.920454,37.30139515,144431.258,-21826.834
360,-1,アテ,13.69999981,11.30000019,1.100000024,0.085121833,生立木,0,0,0,0,0,1,,43,136.9204533,37.30145215,144437.584,-21826.878
361,-1,スギ,59.0809021,28.89999962,1.068000078,3.118158102,生立木,0,0,0,0,0,1,,185.3000031,136.9205362,37.3013177,144422.645,-21819.564
362,-1,スギ,57.79999924,26.20000076,1.399999976,2.668299675,生立木,0,0,0,0,0,1,,181.5,136.9205468,37.30134345,144425.5,-21818.624
363,-1,スギ,51.46279907,27.5,0.890699983,2.306570053,生立木,1,0,0,0,0,1,,161.3999939,136.9205785,37.30134019,144425.13,-21815.814
364,-1,アテ,60.42139816,29.10000038,2.211499929,3.270931005,生立木,0,0,0,0,0,1,,189.6999969,136.9205989,37.30133683,144424.753,-21814.006
365,-1,スギ,12.69999981,10.5,0.699999988,0.069344938,生立木,0,0,0,0,0,1,,39.79999924,136.9204787,37.30148835,144441.595,-21824.613
366,-1,スギ,19.79999924,15,0.899999976,0.21542424,生立木,0,0,0,0,0,1,,62.20000076,136.9205192,37.3014502,144437.352,-21821.034
367,-1,スギ,24,17.10000038,1.600000024,0.344494164,生立木,0,0,0,0,0,1,,75.30000305,136.9205044,37.30148821,144441.574,-21822.332
368,-1,スギ,17.39999962,13.69999981,1.799999952,0.156780869,生立木,0,0,0,0,0,1,,54.59999847,136.9205668,37.30146762,144439.274,-21816.815
369,-1,スギ,50.5,25,0.899999976,1.968320489,生立木,0,0,0,0,0,1,,158.6000061,136.920592,37.30148427,144441.116,-21814.57
370,-1,スギ,28.5,19,6.199999809,0.518390357,生立木,1,0,0,0,0,1,,89.5,136.9205471,37.3014973,144442.572,-21818.547
371,-1,スギ,14.39999962,11.69999981,2.700000048,0.096203968,生立木,0,0,0,0,0,1,,45.20000076,136.9206091,37.30149223,144441.995,-21813.056
372,-1,スギ,29,19.20000076,2,0.540183783,生立木,0,0,0,0,0,1,,91.09999847,136.920704,37.30150843,144443.771,-21804.633
373,-1,アテ,1,1.399999976,0,0.00009318,生立木,0,0,0,0,0,1,幼木,3.099999905,136.9205388,37.30152242,144445.362,-21819.276
374,-1,スギ,36.09999847,21.60000038,0.400000006,0.897102833,生立木,0,0,0,0,0,1,,113.4000015,136.9206437,37.30153008,144446.188,-21809.975
375,-1,スギ,12.30000019,10.19999981,3.200000048,0.063713126,生立木,0,0,0,0,0,1,,38.59999847,136.9205894,37.3015389,144447.179,-21814.789
383,-1,スギ,31.70000076,20.20000076,1.600000024,0.654992521,生立木,0,0,0,0,0,1,,99.5,136.9204113,37.30140386,144432.235,-21830.618
384,-1,スギ,15.60000038,12.5,2.099999905,0.118212067,生立木,0,0,0,0,0,1,,49,136.920453,37.30142842,144434.951,-21826.911
385,-1,スギ,40.40000153,22.79999924,4.5,1.173333049,生立木,1,0,0,0,0,1,,126.9000015,136.9204477,37.30135193,144426.463,-21827.403
386,-1,アテ,30.10000038,19.60000038,2.299999952,0.588992417,生立木,0,0,0,0,0,1,,94.5,136.9205108,37.30130589,144421.34,-21821.826
387,-1,アテ,25.89999962,18,2.799999952,0.414660007,生立木,0,0,0,0,0,1,,81.30000305,136.9205422,37.30146859,144439.387,-21818.988
388,-1,スギ,15.5,12.5,4.199999809,0.116840355,生立木,0,0,0,0,0,1,,48.59999847,136.9205925,37.301458,144438.2,-21814.531
389,-1,スギ,46.86240006,26.5,1.88530004,1.873715997,生立木,0,0,0,0,0,1,,147,136.9206183,37.30147654,144440.252,-21812.243
390,-1,スギ,57.12719727,28.60000038,5.108399868,2.902151346,生立木,0,0,0,0,0,1,,179.3000031,136.9206851,37.30138594,144430.182,-21806.347
391,-1,スギ,37.78429794,24.10000038,3.95690012,1.150664806,生立木,0,0,0,0,0,1,,118.4000015,136.9206406,37.30148616,144441.315,-21810.262
392,-1,スギ,50.30770111,27.29999924,6.127299786,2.196894646,生立木,0,0,0,0,0,1,,158,136.9207825,37.30142451,144434.44,-21797.701
394,-1,スギ,55.96760178,28.39999962,1.494699955,2.776032925,生立木,0,0,0,0,0,1,,175.6000061,136.9208341,37.30144851,144437.092,-21793.122
395,-1,スギ,34.90000153,21.20000076,3.599999905,0.825599194,生立木,0,0,0,0,0,1,,109.5999985,136.9207579,37.30153977,144447.237,-21799.846
396,-1,スギ,29.5,19.39999962,1,0.562533617,生立木,0,0,0,0,0,1,,92.59999847,136.9206732,37.3015538,144448.813,-21807.357
397,-1,アテ,2,1.899999976,22,0.000471203,生立木,0,0,0,0,0,1,幼木,6.199999809,136.9206368,37.30156112,144449.634,-21810.576
399,-1,アテ,1,1.399999976,0,0.00009318,生立木,0,0,0,0,0,1,幼木,3.099999905,136.9206124,37.30155254,144448.688,-21812.746
400,-1,スギ,53.17609787,27.79999924,0.536499977,2.475296736,生立木,0,0,0,0,0,1,,166.8000031,136.9206847,37.30135996,144427.3,-21806.393
401,-1,スギ,27.10000038,18.5,2.700000048,0.461655825,生立木,0,0,0,0,0,1,,85.09999847,136.9206887,37.30140967,144432.815,-21806.017
402,-1,スギ,28.56749916,20.79999924,3.444499969,0.596520007,生立木,0,0,0,0,0,1,,89.5,136.9206586,37.30149479,144442.268,-21808.661
403,-1,スギ,51.79999924,25.20000076,3.900000095,2.082584381,生立木,0,0,0,0,0,1,,162.6999969,136.9207359,37.30139277,144430.93,-21801.838
404,-1,スギ,58.05709839,28.70000076,2.798099995,2.999408484,生立木,0,0,0,0,0,1,,182.1999969,136.9207379,37.30142026,144433.979,-21801.655
405,-1,スギ,30.75450134,21.70000076,2.280999899,0.711882949,生立木,0,0,0,0,0,1,,96.40000153,136.9206913,37.30148588,144441.272,-21805.77
407,-1,スギ,55.59199905,28.29999924,1.993000031,2.73251009,生立木,0,0,0,0,0,1,,174.3000031,136.9208801,37.30147586,144440.116,-21789.031
408,-1,スギ,29.89209938,21.29999924,2.98759985,0.663473785,生立木,1,0,0,0,0,1,,93.59999847,136.9208201,37.30151133,144444.067,-21794.343
409,-1,スギ,56.33620071,28.39999962,2.354799986,2.809525728,生立木,0,0,0,0,0,1,,176.8000031,136.9209057,37.30148712,144441.36,-21786.762
410,-1,スギ,34.35960007,23,1.11500001,0.923485577,生立木,0,0,0,0,0,1,,107.6999969,136.9208447,37.30151368,144444.322,-21792.161
411,-1,スギ,18.79999924,14.5,1.100000024,0.190074816,生立木,1,0,0,0,0,1,,59,136.9207779,37.30155596,144449.029,-21798.071
412,-1,スギ,15,12.10000038,3.200000048,0.106850497,生立木,0,0,0,0,0,1,,47.09999847,136.9207671,37.30157509,144451.155,-21799.019
413,-1,アテ,3.799999952,3.400000095,17.70000076,0.002480516,生立木,0,0,0,0,0,1,幼木,11.89999962,136.9206734,37.30158169,144451.909,-21807.33
414,-1,スギ,22.74559975,18,1.982599974,0.340797573,生立木,0,0,0,0,0,1,,71.30000305,136.9207858,37.30160771,144454.77,-21797.353
423,-1,スギ,20.8621006,17,7.090199947,0.274967849,生立木,0,0,0,0,0,1,,65.30000305,136.9206717,37.30152273,144445.365,-21807.496
424,-1,スギ,1,1.399999976,0,0.000089728,生立木,0,0,0,0,0,1,,3.099999905,136.9207097,37.30158698,144452.487,-21804.112
426,-1,スギ,1,1.399999976,0,0.00009318,生立木,0,0,0,0,0,1,,3.099999905,136.920707,37.30157598,144451.267,-21804.351
427,-1,スギ,35.79999924,21.5,1.799999952,0.878873527,生立木,0,0,0,0,0,1,,112.4000015,136.9207154,37.30138604,144430.186,-21803.658
429,-1,スギ,15.30000019,12.30000019,4.599999905,0.112440675,生立木,1,0,0,0,0,1,,48,136.9207328,37.30151356,144444.334,-21802.08
430,-1,スギ,26.8029995,20,1.63499999,0.510666013,生立木,0,0,0,0,0,1,,84.09999847,136.9207427,37.30149265,144442.012,-21801.207
431,-1,スギ,37.19020081,23.89999962,2.71329999,1.108620644,生立木,0,0,0,0,0,1,,116.5,136.9207682,37.30139265,144430.908,-21798.975
432,-1,スギ,39.17549896,24.5,2.34559989,1.249486804,生立木,0,0,0,0,0,1,,122.8000031,136.9207534,37.30151522,144444.514,-21800.254
433,-1,スギ,28.70000076,19.10000038,1.100000024,0.527548611,生立木,0,0,0,0,0,1,,90.09999847,136.9207707,37.30149995,144442.815,-21798.723
434,-1,スギ,47.59999847,24.39999962,3.900000095,1.716332436,生立木,0,0,0,0,0,1,,149.5,136.9208164,37.30141154,144432.994,-21794.699
435,-1,スギ,59.88140106,29,1.485900044,3.206748962,生立木,0,0,0,0,0,1,,187.8000031,136.9208486,37.30141211,144433.049,-21791.841
436,-1,スギ,22.10000038,16.20000076,0.899999976,0.282234251,生立木,0,0,0,0,0,1,,69.40000153,136.9207857,37.30152075,144445.12,-21797.393
437,-1,スギ,14.30000019,11.69999981,4.400000095,0.09499488,生立木,0,0,0,0,0,1,,44.90000153,136.9207828,37.30154157,144447.431,-21797.638
438,-1,スギ,16.5,13.10000038,1,0.136637688,生立木,0,0,0,0,0,1,,51.79999924,136.920814,37.30152782,144445.898,-21794.875
439,-1,スギ,19,14.60000038,2.700000048,0.194987446,生立木,0,0,0,0,0,1,,59.59999847,136.9208351,37.30152928,144446.056,-21793.009
440,-1,スギ,34.29999924,21,1.700000048,0.791246772,生立木,0,0,0,0,0,1,,107.6999969,136.9208127,37.30154898,144448.246,-21794.991
441,-1,スギ,30.07419968,21.39999962,3.372499943,0.674001873,生立木,0,0,0,0,0,1,,94.19999695,136.9209449,37.30146646,144439.059,-21783.295
442,-1,スギ,25.29999924,17.70000076,1.299999952,0.391304165,生立木,0,0,0,0,0,1,,79.40000153,136.9208012,37.30156497,144450.024,-21796.005
443,-1,スギ,50.33190155,27.29999924,1.327100039,2.198825598,生立木,1,0,0,0,0,1,,158,136.9208692,37.30152007,144445.025,-21789.986
444,-1,スギ,37.70000076,22,1.299999952,0.992428005,生立木,1,0,0,0,0,1,,118.4000015,136.9208439,37.30154493,144447.79,-21792.227
445,-1,スギ,35.79999924,21.5,4.300000191,0.878873527,生立木,1,0,0,0,0,1,,112.4000015,136.9207935,37.30157947,144451.635,-21796.681
446,-1,スギ,50.43930054,27.29999924,2.235499859,2.20740509,生立木,0,0,0,0,0,1,,158.3000031,136.920839,37.30158897,144452.678,-21792.641
449,-1,スギ,1,1.399999976,0,0.00009318,生立木,0,0,0,0,0,1,,3.099999905,136.9207399,37.30158993,144452.808,-21801.434
452,-1,スギ,13.19999981,10.89999962,0,0.07697726,生立木,1,0,0,0,0,1,,41.40000153,136.920676,37.30147638,144440.222,-21807.127
455,-1,スギ,19.10000038,14.69999981,2.799999952,0.19809185,生立木,0,0,0,0,0,1,,60,136.9207562,37.30134719,144425.866,-21800.055
456,-1,スギ,40.20000076,22.70000076,0.800000012,1.157220602,生立木,0,0,0,0,0,1,,126.1999969,136.9208184,37.30134041,144425.1,-21794.544
457,-1,スギ,33.92309952,22.79999924,4.502399921,0.894380033,生立木,0,0,0,0,0,1,,106.4000015,136.920798,37.30150524,144443.396,-21796.305
458,-1,スギ,48.91640091,27,1.622900009,2.064405918,生立木,0,0,0,0,0,1,,153.6000061,136.9208339,37.30138781,144430.356,-21793.158
459,-1,スギ,37.40110016,24,2.208600044,1.124783754,生立木,0,0,0,0,0,1,,117.4000015,136.920871,37.30141939,144433.852,-21789.856
461,-1,スギ,40.09999847,22.70000076,0.200000003,1.151728392,生立木,0,0,0,0,0,1,,125.9000015,136.9210622,37.30145096,144437.312,-21772.901
462,-1,スギ,55.84659958,28.29999924,1.590200067,2.755416632,生立木,0,0,0,0,0,1,,175.3000031,136.9210104,37.30150545,144443.37,-21777.471
464,-1,スギ,11.63570023,10.5,1.290499926,0.058665909,生立木,0,0,0,0,0,1,,36.40000153,136.9208209,37.30156665,144450.206,-21794.26
465,-1,スギ,42.26409912,25.39999962,0,1.487611294,生立木,1,0,0,0,0,1,,132.5,136.9207022,37.30154095,144447.381,-21804.784
467,-1,スギ,39.11579895,24.5,1.681999922,1.246010303,生立木,0,0,0,0,0,1,,122.8000031,136.9207182,37.30134005,144425.082,-21803.423
468,-1,スギ,21,15.69999981,1.600000024,0.249956235,生立木,0,0,0,0,0,1,,65.90000153,136.9207276,37.3013445,144425.575,-21802.588
469,-1,スギ,59.46030426,29,0.756699979,3.165670156,生立木,0,0,0,0,0,1,,186.6000061,136.9207389,37.30132899,144423.85,-21801.595
470,-1,スギ,22.39999962,16.39999962,2.299999952,0.292503476,生立木,0,0,0,0,0,1,,70.30000305,136.9207614,37.30133152,144424.126,-21799.594
471,-1,スギ,22.79999924,16.60000038,4.5,0.305433273,生立木,0,0,0,0,0,1,,71.59999847,136.9208005,37.30138147,144429.66,-21796.115
473,-1,スギ,38.20000076,22.20000076,2,1.0268718,生立木,0,0,0,0,0,1,,120,136.9209086,37.30134375,144425.45,-21786.543
474,-1,スギ,16.20000076,12.89999962,1.799999952,0.130308166,生立木,0,0,0,0,0,1,,50.79999924,136.9208687,37.3014363,144435.729,-21790.053
476,-1,スギ,12.5,10.39999962,21.70000076,0.066786185,生立木,0,0,0,0,0,1,,39.20000076,136.9208979,37.30142343,144434.294,-21787.473
477,-1,スギ,38.92589951,24.39999962,1.256999969,1.229979038,生立木,0,0,0,0,0,1,,122.1999969,136.9208596,37.30146128,144438.504,-21790.859
478,-1,スギ,29.60000038,19.5,0.300000012,0.568677962,生立木,0,0,0,0,0,1,,92.90000153,136.9209288,37.30141415,144433.258,-21784.735
480,-1,スギ,50.29999924,24.89999962,2.5,1.945728064,生立木,0,0,0,0,0,1,,158,136.9209199,37.30143549,144435.627,-21785.515
483,-1,スギ,62.59619904,29.5,1.912899971,3.536808491,生立木,0,0,0,0,0,1,,196.3000031,136.9210095,37.30143056,144435.06,-21777.576
484,-1,スギ,28.90780067,20.89999962,1.266800046,0.612473905,生立木,0,0,0,0,0,1,,90.69999695,136.9209728,37.30145041,144437.271,-21780.822
486,-1,スギ,22.19269943,17.70000076,6.549199581,0.320426553,生立木,0,0,0,0,0,1,,69.40000153,136.9209637,37.30146866,144439.299,-21781.623
487,-1,スギ,36.83359909,23.79999924,0.846500039,1.084754467,生立木,0,0,0,0,0,1,,115.5999985,136.9209334,37.30149216,144441.913,-21784.309
488,-1,スギ,50.13489914,27.20000076,1.942200065,2.175192595,生立木,0,0,0,0,0,1,,157.3000031,136.9210409,37.30149443,144442.14,-21774.773
490,-1,スギ,23.79999924,18.60000038,11.89999962,0.362236828,生立木,0,0,0,0,0,1,,74.69999695,136.9209816,37.30150449,144443.271,-21780.032
491,-1,スギ,41.28049851,25.10000038,3.4775002,1.408268929,生立木,0,0,0,0,0,1,,129.3999939,136.9210371,37.3015139,144444.302,-21775.102
493,-1,スギ,6.5,5.5,1.200000048,0.011528048,生立木,0,0,0,0,0,1,,20.39999962,136.9206453,37.30147779,144440.385,-21809.848
495,-1,スギ,7.5,6.400000095,1.600000024,0.017309029,生立木,0,0,0,0,0,1,,23.5,136.9206223,37.30146791,144439.293,-21811.89
498,-1,スギ,49.23360062,27,0.99940002,2.088928461,生立木,0,0,0,0,0,1,,154.5,136.9208415,37.30134239,144425.314,-21792.491
499,-1,スギ,23.20000076,16.79999924,1.899999976,0.318714023,生立木,0,0,0,0,0,1,,72.80000305,136.9208441,37.30142744,144434.752,-21792.239
500,-1,スギ,49.09999847,24.70000076,5.699999809,1.843266249,生立木,0,0,0,0,0,1,,154.1999969,136.9209521,37.30142288,144434.221,-21782.663
501,-1,スギ,50.4701004,27.29999924,1.726999998,2.209868431,生立木,0,0,0,0,0,1,,158.3000031,136.9210008,37.30145678,144437.972,-21778.343
508,-1,アテ,31.5,20.10000038,9.800000191,0.643952906,生立木,0,0,0,0,0,1,,98.90000153,136.9204652,37.30126661,144416.992,-21825.872
509,-1,スギ,15.19999981,12.30000019,3.299999952,0.111110419,生立木,0,0,0,0,0,1,,47.70000076,136.9205129,37.30133499,144424.568,-21821.631
510,-1,アテ,31.89999962,20.29999924,8.800000191,0.666154504,生立木,0,0,0,0,0,1,,100.1999969,136.9204755,37.30121297,144411.037,-21824.979
511,-1,スギ,20.08419991,16.5,2.434600115,0.249038175,生立木,0,0,0,0,0,1,,62.79999924,136.9205356,37.30128515,144419.033,-21819.633
512,-1,スギ,71.8742981,30.70000076,0.285700023,4.736510754,生立木,0,0,0,0,0,1,,225.5,136.9205393,37.30124803,144414.912,-21819.308
513,-1,アテ,18.5,14.30000019,2.799999952,0.182266161,生立木,0,0,0,0,0,1,,58.09999847,136.920555,37.30126226,144416.488,-21817.913
514,-1,スギ,39.79999924,22.60000038,1.600000024,1.1303792,生立木,0,0,0,0,0,1,,125,136.9205683,37.30130839,144421.604,-21816.726
515,-1,アテ,58.40000153,26.29999924,2.299999952,2.731729746,生立木,0,0,0,0,0,1,,183.3999939,136.9205912,37.30128561,144419.071,-21814.697
516,-1,スギ,8,6.800000191,2.799999952,0.020661358,生立木,0,0,0,0,0,1,,25.10000038,136.9205472,37.30146332,144438.801,-21818.554
517,-1,スギ,6.699999809,5.699999809,0,0.012601294,生立木,0,0,0,0,0,1,,21,136.9204838,37.30145508,144437.902,-21824.175
520,-1,スギ,27.79999924,18.79999924,3.200000048,0.490721494,生立木,0,0,0,0,0,1,,87.30000305,136.9204985,37.30127693,144418.129,-21822.921
523,-1,広葉樹Ⅰ型,35.29999924,23.29999924,23.20000076,0.94421953,生立木,0,0,0,0,0,1,,110.8000031,136.9206291,37.30131511,144422.335,-21811.332
526,-1,アテ,52.5,25.29999924,3.599999905,2.145055771,生立木,0,0,0,0,0,1,,164.8999939,136.9205802,37.3012604,144416.275,-21815.686
527,-1,アテ,3,2.599999905,0,0.001356913,生立木,0,0,0,0,0,1,幼木,9.399999619,136.9203997,37.30146076,144438.552,-21831.626
532,-1,アテ,31.79999924,20.20000076,9.100000381,0.658944607,生立木,0,0,0,0,0,1,,99.90000153,136.9202482,37.30124302,144414.423,-21845.122
536,-1,スギ,50.20000076,24.89999962,0.899999976,1.938346505,生立木,0,0,0,0,0,1,,157.6999969,136.920102,37.30119297,144408.903,-21858.098
542,-1,スギ,26.20000076,18.10000038,3.5,0.425577998,生立木,0,0,0,0,0,1,,82.30000305,136.9200709,37.30123814,144413.923,-21860.838
546,-1,アテ,19.20000076,14.69999981,1.5,0.199978203,生立木,1,0,0,0,0,1,,60.29999924,136.9199407,37.30123935,144414.088,-21872.379
547,-1,スギ,21.39999962,15.89999962,4.099999905,0.26168862,生立木,0,0,0,0,0,1,,67.19999695,136.9199315,37.30121534,144411.425,-21873.208
555,-1,スギ,57.5,26.20000076,1.399999976,2.641910076,生立木,0,0,0,0,0,1,,180.6000061,136.9199718,37.30117619,144407.071,-21869.64
556,-1,アテ,8.100000381,6.900000095,0,0.021428455,生立木,0,0,0,0,0,1,幼木,25.39999962,136.9200317,37.30129517,144420.261,-21864.297
560,-1,アテ,4,3.299999952,0,0.002911087,生立木,0,0,0,0,0,1,幼木,12.5,136.9198722,37.30138126,144429.851,-21878.412
561,-1,スギ,5.099999905,4.300000191,0,0.005839049,生立木,0,0,0,0,0,1,,16,136.919849,37.30133114,144424.295,-21880.486
562,-1,スギ,48.70000076,24.60000038,2.599999905,1.807422996,生立木,0,0,0,0,0,1,,152.8999939,136.9197148,37.30114698,144403.889,-21892.432
563,-1,スギ,19.5,14.89999962,1.299999952,0.208253741,生立木,0,0,0,0,0,1,,61.20000076,136.9198376,37.30122377,144412.383,-21881.527
564,-1,アテ,24.60000038,17.39999962,1.799999952,0.366084337,生立木,0,0,0,0,0,1,,77.19999695,136.9198636,37.30120011,144409.75,-21879.228
566,-1,スギ,17,13.39999962,4.199999809,0.147275776,生立木,0,0,0,0,0,1,,53.40000153,136.9199026,37.30125829,144416.198,-21875.752
567,-1,スギ,51.60160065,27.5,4.75909996,2.317948341,生立木,0,0,0,0,0,1,,162.1000061,136.9199271,37.30114999,144404.174,-21873.609
568,-1,スギ,25.29999924,17.70000076,2.099999905,0.391304165,生立木,0,0,0,0,0,1,,79.40000153,136.91999,37.30122061,144411.996,-21868.014
569,-1,スギ,19.5,14.89999962,8.100000381,0.208253741,生立木,0,0,0,0,0,1,,61.20000076,136.9199848,37.30125237,144415.522,-21868.469
573,-1,アテ,33,20.60000038,3.400000095,0.72110635,生立木,0,1,0,0,0,1,100年木,103.5999985,136.919609,37.30116183,144405.561,-21901.811
574,-1,スギ,62.40000153,29.39999962,1.700000048,3.504753351,生立木,0,0,0,0,0,1,,196,136.9198106,37.301126,144401.539,-21883.947
575,-1,スギ,46.59999847,26.5,2.599999905,1.854592443,生立木,0,0,0,0,0,1,,146.3000031,136.9198434,37.30115036,144404.234,-21881.034
578,-1,アテ,44.70000076,23.79999924,1.100000024,1.485123396,生立木,0,0,0,0,0,1,,140.3999939,136.9196185,37.3010774,144396.19,-21900.993
579,-1,スギ,68.09999847,27.60000038,2.400000095,3.842634201,生立木,0,0,0,0,0,1,,213.8999939,136.9196788,37.30105782,144394.003,-21895.651
580,-1,アテ,23.39999962,16.89999962,13.89999962,0.325487167,生立木,1,0,0,0,0,1,,73.5,136.9197084,37.30115901,144405.226,-21892.996
581,-1,スギ,53.20000076,25.5,2.5,2.217218637,生立木,0,0,0,0,0,1,,167.1000061,136.9198302,37.30105703,144393.88,-21882.227
583,-1,スギ,55.79999924,25.89999962,1,2.466469765,生立木,0,0,0,0,0,1,,175.3000031,136.9196974,37.30102981,144390.891,-21894.01
590,-1,スギ,60.70000076,26.70000076,1,2.985141039,生立木,0,0,0,0,0,1,,190.6000061,136.919455,37.30103937,144392.008,-21915.5
594,-1,アテ,37.29999924,21.89999962,0.899999976,0.968040407,生立木,0,0,0,0,0,1,,117.0999985,136.919305,37.30105483,144393.758,-21928.788
595,-1,スギ,56.90000153,26.10000038,2.099999905,2.579727888,生立木,0,0,0,0,0,1,,178.6999969,136.9195381,37.30102464,144390.353,-21908.138
596,-1,アテ,30.60000038,19.79999924,0.800000012,0.612553954,生立木,0,0,0,0,0,1,,96.09999847,136.919586,37.30106594,144394.925,-21903.878
598,-1,スギ,27.70000076,18.70000076,0.800000012,0.485140681,生立木,0,0,0,0,0,1,,87,136.9191847,37.30114365,144403.643,-21939.426
599,-1,スギ,54.5,25.70000076,0.800000012,2.339867353,生立木,0,0,0,0,0,1,,171.1999969,136.919256,37.30104881,144393.101,-21933.135
600,-1,スギ,36.29999924,21.70000076,3.5,0.910771847,生立木,1,0,0,0,0,1,,114,136.9193419,37.30107644,144396.147,-21925.515
601,-1,スギ,26.39999962,18.20000076,1.200000048,0.43368119,生立木,1,0,0,0,0,1,,82.90000153,136.9193588,37.30105246,144393.482,-21924.02
607,-1,スギ,58,26.29999924,0.300000012,2.696103811,生立木,0,0,0,0,0,1,,182.1999969,136.9192167,37.30106844,144395.288,-21936.609
611,-1,スギ,61.11790085,29.20000076,1.523900032,3.351534843,生立木,0,0,0,0,0,1,,191.8999939,136.9189078,37.30121007,144411.078,-21963.953
612,-1,スギ,50.40000153,27.29999924,0.600000024,2.204263926,生立木,0,0,0,0,0,1,,158.3000031,136.9189913,37.3011577,144405.246,-21956.571
613,-1,スギ,45.29999924,26.10000038,1.299999952,1.734782577,生立木,0,0,0,0,0,1,,142.3000031,136.9190515,37.30113105,144402.275,-21951.241
614,-1,スギ,48.70000076,24.60000038,1.600000024,1.807422996,生立木,0,0,0,0,0,1,,152.8999939,136.9191209,37.30106932,144395.409,-21945.109
615,-1,スギ,32.09999847,20.29999924,1.5,0.674154401,生立木,1,0,0,0,0,1,,100.8000031,136.919156,37.30109761,144398.54,-21941.991
616,-1,スギ,36.09999847,21.60000038,1.799999952,0.897102833,生立木,1,0,0,0,0,1,,113.4000015,136.9191902,37.30109285,144398.003,-21938.96
617,-1,スギ,32.42620087,22.29999924,0.826099992,0.805673599,生立木,0,0,0,0,0,1,,101.6999969,136.9191028,37.30115427,144404.84,-21946.686
618,-1,スギ,38.09999847,22.20000076,0.800000012,1.021743417,生立木,0,0,0,0,0,1,,119.5999985,136.9191116,37.30112693,144401.804,-21945.911
624,-1,スギ,6,5,0,0.009105544,生立木,0,0,0,0,0,1,,18.79999924,136.9189937,37.30146372,144439.206,-21956.268
625,-1,スギ,7.400000095,6.300000191,11,0.016640825,生立木,0,0,0,0,0,1,,23.20000076,136.9190511,37.30139081,144431.101,-21951.2
626,-1,スギ,22.79999924,16.60000038,3.5,0.305433273,生立木,0,0,0,0,0,1,,71.59999847,136.9189116,37.30135294,144426.931,-21963.581
627,-1,スギ,80.6568985,31.70000076,1.656299949,6.035925388,生立木,0,0,0,0,0,1,,253.1999969,136.9187997,37.30124108,144414.544,-21973.532
628,-1,スギ,25.89999962,18,1.5,0.414660007,生立木,1,0,0,0,0,1,,81.30000305,136.9189286,37.30126412,144417.071,-21962.094
629,-1,スギ,60.03480148,29.10000038,1.260900021,3.232796669,生立木,0,0,0,0,0,1,,188.3999939,136.9188796,37.30119741,144409.679,-21966.458
630,-1,スギ,48.51180267,26.89999962,1.807299972,2.025844336,生立木,1,0,0,0,0,1,,152.3000031,136.9189494,37.30113398,144402.624,-21960.287
631,-1,スギ,55.09999847,25.79999924,0.600000024,2.398512363,生立木,0,0,0,0,0,1,,173.1000061,136.9190518,37.30110405,144399.279,-21951.221
635,-1,スギ,32.79999924,20.60000038,0.300000012,0.712781966,生立木,0,0,0,0,0,1,,103,136.9188535,37.30151302,144444.709,-21968.682
636,-1,スギ,14.69999981,11.89999962,2.900000095,0.101439074,生立木,0,0,0,0,0,1,,46.09999847,136.9189707,37.30140963,144433.208,-21958.326
637,-1,スギ,54.70470047,0,1.957700014,0,生立木,0,0,0,0,0,1,,171.8000031,136.9189543,37.3013865,144430.646,-21959.786
640,-1,アテ,44.09999847,23.70000076,3.900000095,1.441264987,生立木,0,0,0,0,0,1,,138.5,136.9187147,37.30137909,144429.879,-21981.024
641,-1,スギ,44.40000153,23.70000076,1.600000024,1.460049868,生立木,0,0,0,0,0,1,,139.3999939,136.9187368,37.30133746,144425.254,-21979.083
642,-1,スギ,47.09999847,24.29999924,1.100000024,1.675242305,生立木,0,0,0,0,0,1,,147.8999939,136.9188964,37.30114117,144403.434,-21964.984
647,-1,スギ,15.64010048,13.60000038,1.71450007,0.130177081,生立木,0,0,0,0,0,1,,49,136.9189045,37.30153475,144447.109,-21964.155
648,-1,スギ,54.59999847,28.10000038,2.400000095,2.625543833,生立木,0,0,0,0,0,1,,171.5,136.9188912,37.30154797,144448.579,-21965.331
649,-1,スギ,11.69999981,9.800000191,29.89999962,0.056086067,生立木,0,0,0,0,0,1,,36.70000076,136.9189299,37.3014663,144439.507,-21961.925
650,-1,スギ,67.85050201,30.20000076,1.372400045,4.19440794,生立木,0,0,0,0,0,1,,212.8999939,136.9188,37.30152461,144446.008,-21973.421
652,-1,スギ,9.800000191,8.300000191,0,0.03630726,生立木,0,0,0,0,0,1,,30.70000076,136.9189101,37.30142569,144435.005,-21963.691
653,-1,スギ,45.09999847,23.89999962,5.099999905,1.516888857,生立木,0,0,0,0,0,1,,141.6000061,136.9188893,37.30142433,144434.859,-21965.535
654,-1,スギ,70.54310608,30.60000038,1.194700003,4.562673569,生立木,0,0,0,0,0,1,,221.3999939,136.9186885,37.30145341,144438.132,-21983.331
655,-1,アテ,31.39999962,20.10000038,2.200000048,0.640053868,生立木,0,0,0,0,0,1,,98.59999847,136.9187226,37.30130194,144421.316,-21980.352
657,-1,スギ,25.5,17.79999924,0.5,0.39899531,生立木,0,0,0,0,0,1,,80.09999847,136.918962,37.30117764,144407.466,-21959.159
658,-1,スギ,19.60000038,14.89999962,2.400000095,0.210196093,生立木,0,0,0,0,0,1,,61.5,136.918988,37.30119862,144409.788,-21956.852
662,-1,スギ,30.1140995,21.39999962,5.328099728,0.67563647,生立木,0,0,0,0,0,1,,94.5,136.9189364,37.30156445,144450.397,-21961.315
663,-1,スギ,43.34280014,25.70000076,27.88909912,1.575963616,生立木,0,0,0,0,0,1,,136,136.9189361,37.30153001,144446.576,-21961.351
664,-1,スギ,21.29999924,15.80000019,4,0.257974476,生立木,0,0,0,0,0,1,,66.90000153,136.9189247,37.30149326,144442.5,-21962.374
665,-1,スギ,42.29999924,23.20000076,0.899999976,1.303212285,生立木,0,0,0,0,0,1,,132.8000031,136.9188427,37.30165006,144459.92,-21969.603
666,-1,スギ,63.70000076,29.60000038,1.5,3.663862944,生立木,0,0,0,0,0,1,,200.1000061,136.9188615,37.30154702,144448.48,-21967.963
669,-1,スギ,12.80000019,10.60000038,2.599999905,0.070954055,生立木,0,0,0,0,0,1,,40.20000076,136.918865,37.30146479,144439.354,-21967.673
670,-1,スギ,64.30000305,29.70000076,3.700000048,3.739652157,生立木,0,0,0,0,0,1,,202,136.9187803,37.30150903,144444.284,-21975.175
671,-1,スギ,18.5,14.30000019,3.299999952,0.182266161,生立木,0,0,0,0,0,1,,58.09999847,136.9188131,37.30147917,144440.962,-21972.275
672,-1,スギ,53.5,25.5,5.699999809,2.241161108,生立木,0,0,0,0,0,1,,168,136.918666,37.30156253,144450.247,-21985.288
673,-1,スギ,17.29999924,13.60000038,3.299999952,0.154109091,生立木,0,0,0,0,0,1,,54.29999924,136.9187567,37.30146639,144439.557,-21977.276
674,-1,スギ,17.29999924,3.900000095,3,0.048940532,枯損木,0,0,0,0,0,1,,54.29999924,136.9188108,37.30143961,144436.573,-21972.493
675,-1,スギ,10.98309994,10,0,0.050299402,生立木,0,0,0,0,0,1,,34.20000076,136.9188364,37.3014181,144434.18,-21970.227
676,-1,アテ,18.60000038,14.39999962,2.299999952,0.185239851,生立木,0,0,0,0,0,1,,58.40000153,136.9186884,37.30143489,144436.078,-21983.337
677,-1,スギ,46,24.10000038,1.399999976,1.588270307,生立木,0,0,0,0,0,1,,144.5,136.9187382,37.30141577,144433.944,-21978.934
678,-1,アテ,27.5,18.60000038,1.399999976,0.476450175,生立木,0,0,0,0,0,1,,86.30000305,136.9187441,37.30123051,144413.384,-21978.467
681,-1,スギ,76.12039948,31.20000076,1.02700007,5.345175266,生立木,1,0,0,0,0,1,,239,136.9187765,37.30117818,144407.569,-21975.602
684,-1,スギ,33.01619721,22.5,2.788899899,0.840066612,生立木,0,0,0,0,0,1,,103.5999985,136.9189403,37.30151665,144445.092,-21960.985
685,-1,スギ,53.90000153,25.60000038,0,2.282093763,生立木,0,0,0,0,0,1,,169.3000031,136.9189681,37.30166136,144461.145,-21958.48
686,-1,スギ,56.0182991,28.39999962,1.506600022,2.780628681,生立木,0,0,0,0,0,1,,175.8999939,136.9189168,37.30158756,144452.967,-21963.051
689,-1,スギ,63.79999924,29.60000038,1.100000024,3.674377918,生立木,0,0,0,0,0,1,,200.3999939,136.9188639,37.30152732,144446.294,-21967.752
690,-1,スギ,66.59999847,27.5,3.5,3.669393539,生立木,0,0,0,0,0,1,,209.1999969,136.9187071,37.30163789,144458.6,-21981.624
691,-1,スギ,27.10000038,18.5,1.299999952,0.461655825,生立木,0,0,0,0,0,1,,85.09999847,136.9187089,37.30163147,144457.887,-21981.469
692,-1,アテ,17.5,13.69999981,1.299999952,0.158420026,生立木,0,0,0,0,0,1,,54.90000153,136.9188605,37.30151526,144444.956,-21968.066
693,-1,スギ,67.04450226,30.10000038,2.231100082,4.090342045,生立木,0,0,0,0,0,1,,210.3999939,136.9188245,37.30150302,144443.606,-21971.255
704,-1,スギ,25.31769943,19.29999924,1.814200044,0.444170684,生立木,0,0,0,0,0,1,,79.40000153,136.9189934,37.30171477,144467.065,-21956.218
706,-1,アテ,20.70000076,15.5,2.5,0.240663067,生立木,0,0,0,0,0,1,,65,136.9188854,37.30155871,144449.772,-21965.844
707,-1,スギ,51.90000153,25.20000076,3,2.090270281,生立木,0,0,0,0,0,1,,163,136.9188571,37.30167127,144462.27,-21968.316
708,-1,スギ,43,23.39999962,2.900000095,1.356181264,生立木,0,0,0,0,0,1,,135,136.91884,37.30174492,144470.447,-21969.81
709,-1,スギ,54.79999924,25.70000076,1.700000048,2.364529848,生立木,0,0,0,0,0,1,,172.1000061,136.9188336,37.30168473,144463.769,-21970.4
711,-1,スギ,45.90000153,24.10000038,2.099999905,1.581682205,生立木,0,0,0,0,0,1,,144.1000061,136.9187861,37.30172136,144467.845,-21974.598
712,-1,スギ,27.14949989,20.20000076,0.920899987,0.527978897,生立木,0,0,0,0,0,1,,85.09999847,136.9187512,37.30166815,144461.948,-21977.706
713,-1,スギ,35.48690033,23.39999962,1.425500035,0.996492803,生立木,0,0,0,0,0,1,,111.1999969,136.9187131,37.30167316,144462.513,-21981.083
714,-1,スギ,16.5,13.10000038,4.900000095,0.136637688,生立木,0,0,0,0,0,1,,51.79999924,136.9187308,37.30161218,144455.742,-21979.53
715,-1,スギ,45.96269989,26.29999924,3.209299803,1.794972897,生立木,0,0,0,0,0,1,,144.1000061,136.918645,37.30162513,144457.199,-21987.132
716,-1,スギ,34.90000153,21.20000076,1.700000048,0.825599194,生立木,0,0,0,0,0,1,,109.5999985,136.9186978,37.30159251,144453.566,-21982.463
717,-1,スギ,69,27.79999924,1.5,3.968459129,生立木,0,0,0,0,0,1,,216.6999969,136.9186882,37.30159556,144453.908,-21983.309
718,-1,スギ,13.60000038,11.19999981,0.899999976,0.08331465,生立木,0,0,0,0,0,1,,42.70000076,136.9187369,37.30156875,144450.92,-21979.007
721,-1,スギ,7.699999809,6.5,0,0.018466128,生立木,0,0,0,0,0,1,,24.10000038,136.9189546,37.30155997,144449.896,-21959.707
723,-1,スギ,62.82740021,29.5,3.744100094,3.560711145,生立木,0,0,0,0,0,1,,197.1999969,136.9189263,37.30160877,144455.318,-21962.204
724,-1,スギ,53,25.39999962,2.5,2.192785025,生立木,0,0,0,0,0,1,,166.5,136.9189136,37.30171555,144467.171,-21963.294
726,-1,スギ,56.79999924,26.10000038,1.399999976,2.571074963,生立木,0,0,0,0,0,1,,178.3999939,136.918786,37.30174179,144470.112,-21974.601
728,-1,スギ,55.6581955,28.29999924,3.205600023,2.738457441,生立木,0,0,0,0,0,1,,174.6000061,136.9187502,37.30173077,144468.897,-21977.776
729,-1,スギ,33,20.60000038,8.100000381,0.72110635,生立木,0,0,0,0,0,1,,103.5999985,136.9188967,37.30158811,144453.033,-21964.835
730,-1,スギ,48.79999924,24.70000076,3.400000095,1.821815014,生立木,0,0,0,0,0,1,,153.3000031,136.9187837,37.30166237,144461.299,-21974.831
740,-1,スギ,44.17869949,25.89999962,2.059000015,1.644535184,生立木,0,0,0,0,0,1,,138.5,136.9189264,37.30173765,144469.62,-21962.156
741,-1,スギ,57.90000153,26.20000076,4,2.677124262,生立木,0,0,0,0,0,1,,181.8000031,136.9188971,37.30171198,144466.778,-21964.758
743,-1,スギ,35.40000153,21.39999962,1.700000048,0.856254935,生立木,0,0,0,0,0,1,,111.1999969,136.9188726,37.3017226,144467.962,-21966.928
744,-1,スギ,17.79999924,13.89999962,3.900000095,0.16557239,生立木,0,0,0,0,0,1,,55.90000153,136.9188366,37.30173229,144469.046,-21970.117
745,-1,スギ,60.29999924,26.60000038,3.200000048,2.936759233,生立木,0,0,0,0,0,1,,189.3999939,136.9187809,37.30188145,144485.612,-21975.014
748,-1,スギ,14.89999962,12.10000038,2.700000048,0.10556116,生立木,0,0,0,0,0,1,,46.79999924,136.9187803,37.30176961,144473.2,-21975.096
749,-1,スギ,26.79999924,18.39999962,2.200000048,0.45017603,生立木,0,0,0,0,0,1,,84.09999847,136.918741,37.30181561,144478.315,-21978.567
750,-1,スギ,26,18,3.299999952,0.417570293,生立木,0,0,0,0,0,1,,81.59999847,136.918735,37.30178803,144475.255,-21979.104
753,-1,スギ,18.39999962,14.30000019,6,0.18048197,生立木,0,0,0,0,0,1,,57.79999924,136.9187162,37.30176354,144472.542,-21980.779
765,-1,スギ,50,24.89999962,2.400000095,1.923623085,生立木,0,0,0,0,0,1,,157,136.9188547,37.30177266,144473.522,-21968.504
766,-1,スギ,58.5,26.29999924,2.900000095,2.740670681,生立木,0,0,0,0,0,1,,183.6999969,136.9188766,37.30178838,144475.262,-21966.557
767,-1,スギ,46.5,24.20000076,6.699999809,1.628062844,生立木,0,0,0,0,0,1,,146,136.9188687,37.30177229,144473.477,-21967.262
769,-1,スギ,42.20000076,23.20000076,1.600000024,1.297334194,生立木,0,0,0,0,0,1,,132.5,136.9187758,37.3018597,144483.2,-21975.472
770,-1,スギ,60.40000153,26.60000038,2.299999952,2.946068764,生立木,0,0,0,0,0,1,,189.6999969,136.9187706,37.30183951,144480.96,-21975.934
785,-1,スギ,48.90000153,24.70000076,11.69999981,1.828952312,生立木,0,0,0,0,0,1,,153.6000061,136.9188053,37.30185174,144482.309,-21972.859
787,-1,スギ,15.19999981,12.30000019,3.5,0.111110419,生立木,0,0,0,0,0,1,,47.70000076,136.9187908,37.30180514,144477.141,-21974.159
792,-1,スギ,4.978300095,4.400000095,0,0.005247447,生立木,0,0,0,0,0,1,,15.30000019,136.9187886,37.30173693,144469.572,-21974.37
802,-1,広葉樹Ⅰ型,27.5,20.29999924,19.29999924,0.517949522,生立木,0,0,0,0,0,1,,86.30000305,136.9188096,37.30185719,144482.912,-21972.476
805,-1,スギ,22.29999924,16.29999924,2.5,0.288512766,生立木,0,0,0,0,0,1,,70,136.9187414,37.30190054,144487.739,-21978.511
815,-1,スギ,10.80000019,9.100000381,5.699999809,0.047425326,生立木,0,0,0,0,0,1,,33.90000153,136.9187216,37.30179967,144476.55,-21980.295
816,-1,スギ,21.70000076,16,12.60000038,0.269934475,生立木,0,0,0,0,0,1,,68.09999847,136.9186803,37.30179741,144476.309,-21983.952
820,-1,スギ,32.90000153,20.60000038,3.599999905,0.716938436,生立木,0,0,0,0,0,1,,103.3000031,136.918666,37.30174325,144470.302,-21985.237
832,-1,スギ,3.954800129,3.5,0,0.002746092,生立木,0,0,0,0,0,1,,12.19999981,136.9187944,37.3016752,144462.721,-21973.875
840,-1,スギ,27.86330032,20.5,0,0.561772764,生立木,0,0,0,0,0,1,,87.30000305,136.918539,37.3015333,144447.033,-21996.557
841,-1,スギ,13.80000019,11.30000019,2.200000048,0.086252861,生立木,0,0,0,0,0,1,,43.29999924,136.9186551,37.30154727,144448.556,-21986.257
842,-1,スギ,9.399999619,5.400000095,33,0.023583869,枯損木,0,0,0,0,0,1,,29.5,136.918698,37.30156704,144450.74,-21982.448
850,-1,スギ,19.79999924,15,2.700000048,0.21542424,生立木,0,0,0,0,0,1,,62.20000076,136.918666,37.30156811,144450.866,-21985.291
852,-1,スギ,65.75869751,29.89999962,0.828699946,3.922130346,生立木,0,0,0,0,0,1,,206.3999939,136.9185709,37.30135632,144427.385,-21993.783
853,-1,スギ,58.33560181,28.79999924,6.476200104,3.036208391,生立木,0,0,0,0,0,1,,183.1000061,136.9185846,37.30133839,144425.393,-21992.575
854,-1,スギ,17.29999924,13.60000038,10.30000019,0.154109091,生立木,0,0,0,0,0,1,,54.29999924,136.9186986,37.3014786,144440.926,-21982.429
861,-1,スギ,62.45490265,29.39999962,1.666900039,3.510388851,生立木,0,0,0,0,0,1,,196,136.9186066,37.30129502,144420.574,-21990.631
870,-1,アテ,20.89999962,15.60000038,5.099999905,0.246350378,生立木,0,0,0,0,0,1,,65.59999847,136.9185493,37.30137329,144429.274,-21995.694
871,-1,スギ,22.29999924,16.29999924,0.899999976,0.288512766,生立木,0,0,0,0,0,1,,70,136.9185229,37.30134462,144426.098,-21998.038
873,-1,スギ,70.91690064,30.60000038,0,4.606940269,生立木,0,0,0,0,0,1,,222.6999969,136.9185351,37.30130452,144421.646,-21996.969
874,-1,スギ,58.55250168,28.79999924,1.219900012,3.056864738,生立木,1,0,0,0,0,1,,183.6999969,136.918576,37.30131725,144423.048,-21993.34
875,-1,アテ,18.20000076,14.10000038,1.200000048,0.174663499,生立木,0,0,0,0,0,1,,57.09999847,136.9185878,37.30128789,144419.788,-21992.307
876,-1,アテ,20.89999962,15.60000038,4.699999809,0.246350378,生立木,0,0,0,0,0,1,,65.59999847,136.9186262,37.30130027,144421.152,-21988.892
877,-1,スギ,61.20000076,26.70000076,1.299999952,3.032282829,生立木,0,0,0,0,0,1,,192.1999969,136.9186761,37.30120678,144410.766,-21984.497
878,-1,アテ,19.39999962,14.80000019,2.799999952,0.205047563,生立木,0,0,0,0,0,1,,60.90000153,136.9187007,37.30128828,144419.805,-21982.295
883,-1,アテ,21.20000076,15.80000019,4.099999905,0.255780548,生立木,0,0,0,0,0,1,,66.59999847,136.9185781,37.30130322,144421.492,-21993.158
884,-1,スギ,21.39159966,17.29999924,6.285399914,0.2928918,生立木,0,0,0,0,0,1,,66.90000153,136.9185201,37.30122764,144413.118,-21998.318
885,-1,アテ,29.60000038,19.5,1.700000048,0.568677962,生立木,1,0,0,0,0,1,,92.90000153,136.918648,37.30122253,144412.521,-21986.986
886,-1,スギ,8.899999619,7.5,2.299999952,0.027631374,生立木,0,0,0,0,0,1,,27.89999962,136.918682,37.30127907,144418.787,-21983.955
887,-1,アテ,23.60000038,17,2.299999952,0.332349539,生立木,1,0,0,0,0,1,,74.09999847,136.9186962,37.3012334,144413.716,-21982.71
888,-1,アテ,50.5,25,2.299999952,1.968320489,生立木,0,0,0,0,0,1,,158.6000061,136.9187225,37.3011747,144407.196,-21980.391
889,-1,スギ,50.23080063,27.29999924,8.76099968,2.190763235,生立木,0,0,0,0,0,1,,157.6999969,136.918828,37.30118034,144407.797,-21971.037
899,-1,アテ,7.400000095,6.300000191,11.5,0.016640825,生立木,0,0,0,0,0,1,,23.20000076,136.9185782,37.30127011,144417.817,-21993.162
900,-1,スギ,64.56819916,29.79999924,2.931900024,3.780787468,生立木,1,0,0,0,0,1,,202.6000061,136.9185963,37.30127981,144418.89,-21991.55
901,-1,スギ,44.09999847,23.70000076,11,1.441264987,生立木,0,0,0,0,0,1,,138.5,136.918643,37.30116235,144405.843,-21987.446
904,-1,スギ,5.599999905,4.699999809,0,0.007553482,生立木,0,0,0,0,0,1,,17.5,136.9186671,37.30128539,144419.492,-21985.274
912,-1,アテ,21.10000038,15.69999981,2,0.252120703,生立木,0,0,0,0,0,1,,66.19999695,136.9186745,37.30113998,144403.354,-21984.664
913,-1,アテ,51.05539703,27.39999962,9.038000107,2.265116453,生立木,0,0,0,0,0,1,,160.1999969,136.9187956,37.30110194,144399.104,-21973.937
914,-1,アテ,20.39999962,15.39999962,5.199999809,0.232981265,生立木,1,0,0,0,0,1,,64,136.9187558,37.30118675,144408.525,-21977.439
920,-1,スギ,19.60000038,14.89999962,3.299999952,0.210196093,生立木,0,0,0,0,0,1,,61.5,136.9187942,37.30119631,144409.577,-21974.028
921,-1,アテ,19.89999962,15.10000038,0.400000006,0.218733564,生立木,0,0,0,0,0,1,,62.5,136.9188442,37.30116881,144406.514,-21969.608
922,-1,スギ,51.35170364,27.5,1.660099983,2.29748106,生立木,0,0,0,0,0,1,,161.1000061,136.9189234,37.30113558,144402.808,-21962.598
923,-1,スギ,38.90000153,22.39999962,1.299999952,1.072586179,生立木,0,0,0,0,0,1,,122.1999969,136.9189768,37.30113622,144402.867,-21957.865
931,-1,アテ,18.89999962,14.5,2.099999905,0.191913769,生立木,1,0,0,0,0,1,,59.29999924,136.9187057,37.30113514,144402.81,-21981.893
933,-1,スギ,39,22.39999962,1,1.077858686,生立木,0,0,0,0,0,1,,122.5,136.9187456,37.30111829,144400.93,-21978.364
935,-1,スギ,22.82419968,18.10000038,3.945199966,0.344842732,生立木,1,0,0,0,0,1,,71.59999847,136.9188123,37.30112275,144401.41,-21972.445
938,-1,スギ,40.56470108,24.89999962,2.506599903,1.353191614,生立木,0,0,0,0,0,1,,127.1999969,136.9188615,37.30103258,144391.392,-21968.117
939,-1,スギ,47.5,26.70000076,4.199999809,2.213095188,生立木,0,0,0,0,0,1,,149.1999969,136.9189657,37.30102313,144390.319,-21958.882
941,-1,スギ,17.10000038,13.5,1,0.149871677,生立木,0,0,0,0,0,1,,53.70000076,136.9189163,37.30110849,144399.803,-21963.231
942,-1,スギ,44.20000076,23.70000076,1.600000024,1.447513819,生立木,0,0,0,0,0,1,,138.8000031,136.9189461,37.3011106,144400.03,-21960.591
947,-1,アテ,18.89999962,14.5,2.400000095,0.191913769,生立木,0,0,0,0,0,1,,59.29999924,136.9190098,37.30107025,144395.537,-21954.953
950,-1,アテ,10.15950012,9.300000191,0,0.040592153,生立木,1,0,0,0,0,1,,31.70000076,136.9188276,37.30112667,144401.841,-21971.095
952,-1,アテ,9.614800453,8.800000191,7.920300484,0.034745965,生立木,0,0,0,0,0,1,,30.10000038,136.9188312,37.30109267,144398.067,-21970.786
954,-1,スギ,33.02950287,22.5,2.753599882,0.840685248,生立木,0,0,0,0,0,1,,103.5999985,136.9188992,37.30104053,144392.265,-21964.769
955,-1,スギ,15.5,12.5,5.199999809,0.116840355,生立木,0,0,0,0,0,1,,48.59999847,136.9189032,37.30107102,144395.648,-21964.404
959,-1,スギ,8.698400497,7.900000095,0,0.025997803,生立木,1,0,0,0,0,1,,27,136.9189101,37.30120389,144410.391,-21963.753
960,-1,スギ,42.63349915,25.5,6.195000172,1.517355919,生立木,0,0,0,0,0,1,,133.8000031,136.9189319,37.30103538,144391.686,-21961.869
961,-1,スギ,42.20000076,23.20000076,0.699999988,1.297334194,生立木,0,0,0,0,0,1,,132.5,136.9190824,37.30104921,144393.186,-21948.522
962,-1,スギ,48.20000076,24.5,0.300000012,1.765018463,生立木,0,0,0,0,0,1,,151.3999939,136.9190521,37.30108277,144396.918,-21951.198
963,-1,スギ,36.17300034,23.60000038,1.132400036,1.040724039,生立木,1,0,0,0,0,1,,113.4000015,136.9191483,37.30104353,144392.541,-21942.682
968,-1,スギ,23.70000076,17,1.799999952,0.334909886,生立木,0,0,0,0,0,1,,74.40000153,136.9190438,37.30101498,144389.396,-21951.956
974,-1,アテ,30.29999924,19.70000076,3.700000048,0.598906875,生立木,0,0,0,0,0,1,,95.09999847,136.9192265,37.30100784,144388.561,-21935.765
983,-1,スギ,38.3993988,24.29999924,0,1.194876075,生立木,0,0,0,0,0,1,,120.3000031,136.9190207,37.30098303,144385.856,-21954.018
987,-1,アテ,22.70000076,16.5,3.700000048,0.301329672,生立木,0,0,0,0,0,1,,71.30000305,136.9191911,37.30099151,144386.757,-21938.902
988,-1,アテ,23.60000038,17,3.799999952,0.332349539,生立木,0,0,0,0,0,1,,74.09999847,136.919225,37.30097816,144385.268,-21935.903
989,-1,スギ,59.32579804,28.89999962,0.884799957,3.141812086,生立木,0,0,0,0,0,1,,186.1999969,136.9193369,37.3009597,144383.194,-21925.99
990,-1,アテ,38.20000076,22.20000076,2.400000095,1.0268718,生立木,0,0,0,0,0,1,,120,136.9193136,37.30100518,144388.246,-21928.041
998,-1,スギ,38.75119782,24.39999962,3.632099867,1.219912529,生立木,1,0,0,0,0,1,,121.5,136.9191135,37.30104444,144392.65,-21945.77
999,-1,アテ,21.60000038,16,0.800000012,0.267681032,生立木,1,0,0,0,0,1,,67.80000305,136.9192113,37.30102413,144390.373,-21937.101
1000,-1,アテ,37.09999847,21.89999962,1.799999952,0.958150566,生立木,1,0,0,0,0,1,,116.5,136.919331,37.30101277,144389.084,-21926.499
1011,-1,スギ,25.89999962,18,6.699999809,0.318390161,生立木,0,0,0,0,1,1,,81.30000305,136.9192647,37.30091934,144378.732,-21932.405
1012,-1,スギ,61.70000076,29.29999924,2.099999905,1.877247453,生立木,0,0,0,0,0,1,,193.8000031,136.919325,37.30089684,144376.221,-21927.066
1014,-1,アテ,19.70000076,15,7.800000191,0.21345368,生立木,0,0,0,0,0,1,,61.79999924,136.9193282,37.3009788,144385.315,-21926.754
1015,-1,スギ,25,17.60000038,2.5,0.380936503,生立木,0,0,0,0,0,1,,78.5,136.9194263,37.30096643,144383.92,-21918.066
1016,-1,スギ,62.26760101,29.39999962,2.220099926,3.491179228,生立木,0,0,0,0,0,1,,195.3999939,136.9194914,37.30095356,144382.476,-21912.296
1017,-1,スギ,34.29999924,21,3.400000095,0.791246772,生立木,0,0,0,0,0,1,,107.6999969,136.9193746,37.30099676,144387.298,-21922.634
1018,-1,スギ,35.83940125,23.5,0,1.018953562,生立木,0,0,0,0,0,1,,112.4000015,136.9191445,37.30103197,144391.259,-21943.024
1021,-1,スギ,22.5,16.39999962,3.900000095,0.294877768,生立木,0,0,0,0,0,1,,70.59999847,136.9192513,37.30095685,144382.897,-21933.574
1022,-1,スギ,16.60000038,13.19999981,5.5,0.139112458,生立木,0,0,0,0,0,1,,52.09999847,136.9194187,37.30110895,144399.737,-21918.694
1023,-1,スギ,13.5,11.10000038,7.599999905,0.081531867,生立木,0,0,0,0,0,1,,42.40000153,136.9194007,37.30119487,144409.276,-21920.264
1025,-1,アテ,37.29999924,21.89999962,1.100000024,0.968040407,生立木,0,0,0,0,0,1,,117.0999985,136.9195579,37.30100889,144388.601,-21906.381
1026,-1,アテ,19,14.60000038,6.699999809,0.194987446,生立木,0,0,0,0,0,1,,59.59999847,136.9195011,37.3010656,144394.907,-21911.399
1028,-1,スギ,29.79999924,19.5,2.599999905,0.575670898,生立木,0,0,0,0,0,1,,93.59999847,136.919528,37.30092622,144379.434,-21909.056
1029,-1,スギ,28.29999924,19,3.900000095,0.511806786,生立木,1,0,0,0,0,1,,88.90000153,136.9195993,37.30101852,144389.661,-21902.711
1031,-1,スギ,26.79999924,18.39999962,3.400000095,0.45017603,生立木,0,0,0,0,0,1,,84.09999847,136.9194293,37.30094726,144381.792,-21917.8
1032,-1,スギ,15.89999962,12.69999981,1.299999952,0.124167077,生立木,0,0,0,0,0,1,,49.90000153,136.9195141,37.30097178,144384.494,-21910.276
1033,-1,スギ,17,13.39999962,3.299999952,0.147275776,生立木,0,0,0,0,0,1,,53.40000153,136.919533,37.30100196,144387.838,-21908.591
1034,-1,スギ,22.70000076,16.5,1.399999976,0.301329672,生立木,0,0,0,0,0,1,,71.30000305,136.9196404,37.30101311,144389.05,-21899.07
1036,-1,アテ,27.5,18.60000038,4,0.476450175,生立木,0,0,0,0,0,1,,86.30000305,136.9197307,37.30109299,144397.894,-21891.042
1037,-1,アテ,30.10000038,19.60000038,3.700000048,0.588992417,生立木,0,0,0,0,0,1,,94.5,136.9196701,37.30107935,144396.394,-21896.413
1041,-1,スギ,18.39999962,14.30000019,2.700000048,0.14420642,生立木,0,0,0,0,0,1,,57.79999924,136.9194105,37.30091237,144377.925,-21919.476
1042,-1,スギ,15.5,12.5,0,0.116840355,生立木,0,0,0,0,0,1,,48.59999847,136.9194502,37.30087373,144373.628,-21915.971
1043,-1,スギ,71.80000305,28.10000038,0,4.327424526,生立木,0,0,0,0,0,1,,225.5,136.9194819,37.3009188,144378.621,-21913.144
1044,-1,スギ,20.79999924,15.60000038,2.200000048,0.24421525,生立木,0,0,0,0,0,1,,65.30000305,136.9195251,37.30089768,144376.268,-21909.326
1045,-1,スギ,27.29999924,18.60000038,18.70000076,0.470179856,生立木,0,0,0,0,0,1,,85.69999695,136.919472,37.30093581,144380.512,-21914.023
1046,-1,スギ,62.54940033,29.5,1.591699958,3.531979322,生立木,0,0,0,0,0,1,,196.3000031,136.919641,37.30093136,144379.979,-21899.039
1048,-1,スギ,35.20000076,21.29999924,4.199999809,0.843123078,生立木,0,0,0,0,0,1,,110.5,136.9196039,37.3009753,144384.863,-21902.313
1050,-1,スギ,28.85589981,20.89999962,1.246899962,0.610466421,生立木,1,0,0,0,0,1,,90.40000153,136.9196331,37.3010433,144392.402,-21899.705
1055,-1,アテ,20.5,15.39999962,3.299999952,0.235058188,生立木,0,0,0,0,0,1,,64.40000153,136.9193206,37.30093415,144380.362,-21927.439
1056,-1,スギ,14.19999981,11.60000038,4.900000095,0.093056232,生立木,0,0,0,0,0,1,,44.59999847,136.9193391,37.30091504,144378.238,-21925.807
1058,-1,スギ,19,14.60000038,2.599999905,0.194987446,生立木,0,0,0,0,0,1,,59.59999847,136.919387,37.30091271,144377.968,-21921.562
1059,-1,スギ,39.90000153,22.60000038,5.199999809,1.135810256,生立木,0,0,0,0,0,1,,125.3000031,136.9195796,37.30087954,144374.242,-21904.501
1060,-1,スギ,18,14,1.700000048,0.170080245,生立木,0,0,0,0,0,1,,56.5,136.9195595,37.30090905,144377.521,-21906.273
1061,-1,スギ,18.39999962,14.30000019,0,0.18048197,生立木,0,0,0,0,0,1,,57.79999924,136.9196034,37.30090786,144377.379,-21902.379
1063,-1,スギ,24,17.10000038,1.799999952,0.344494164,生立木,0,0,0,0,0,1,,75.30000305,136.9196212,37.30095476,144382.58,-21900.79
1064,-1,スギ,24.10000038,17.20000076,4.400000095,0.348967344,生立木,0,0,0,0,0,1,,75.69999695,136.9196851,37.30095126,144382.176,-21895.128
1066,-1,スギ,22.39999962,16.39999962,4.099999905,0.292503476,生立木,0,0,0,0,0,1,,70.30000305,136.919668,37.30096469,144383.671,-21896.638
1067,-1,スギ,23.70000076,17,4,0.334909886,生立木,0,0,0,0,0,1,,74.40000153,136.9196431,37.30097019,144384.286,-21898.84
1068,-1,スギ,31.29999924,20.10000038,1.899999976,0.636166155,生立木,0,0,0,0,0,1,,98.30000305,136.9196846,37.30097343,144384.636,-21895.163
1070,-1,スギ,19,14.60000038,4.699999809,0.194987446,生立木,0,0,0,0,0,1,,59.59999847,136.919739,37.30106844,144395.168,-21890.31
1071,-1,スギ,15.60000038,12.5,1.200000048,0.118212067,生立木,0,0,0,0,0,1,,49,136.919696,37.30105213,144393.368,-21894.124
1074,-1,スギ,12.10000038,10.10000038,0,0.061288331,生立木,0,0,0,0,0,1,,38,136.9194875,37.30088408,144374.767,-21912.659
1075,-1,スギ,17.5,13.69999981,1.899999976,0.158420026,生立木,0,0,0,0,0,1,,54.90000153,136.9195006,37.30090852,144377.476,-21911.496
1076,-1,スギ,20.5,15.39999962,0,0.235058188,生立木,0,0,0,0,0,1,,64.40000153,136.9197709,37.30097704,144385.017,-21887.512
1077,-1,スギ,25.79999924,17.89999962,1.700000048,0.409657657,生立木,0,0,0,0,0,1,,81,136.9197723,37.30101013,144388.689,-21887.379
1078,-1,スギ,16.10000038,12.89999962,3.400000095,0.12885195,生立木,0,0,0,0,0,1,,50.5,136.9197102,37.30101659,144389.421,-21892.877
1079,-1,スギ,55,25.79999924,1.700000048,2.390204906,生立木,0,0,0,0,0,1,,172.6999969,136.9197473,37.30103605,144391.571,-21889.584
1080,-1,スギ,65.40000153,27.29999924,2.799999952,3.518649101,生立木,0,0,0,0,0,1,,205.3999939,136.9198758,37.30108987,144397.514,-21878.177
1081,-1,スギ,17.70000076,13.80000019,3.900000095,0.162805006,生立木,0,0,0,0,0,1,,55.59999847,136.9197685,37.30108685,144397.204,-21887.69
1082,-1,アテ,15.89999962,12.69999981,2.099999905,0.124167077,生立木,1,0,0,0,0,1,,49.90000153,136.9198137,37.30111269,144400.061,-21883.68
1084,-1,スギ,44.09999847,23.70000076,5,1.212448955,生立木,0,0,0,0,0,1,,138.5,136.9197333,37.30096283,144383.45,-21890.852
1085,-1,スギ,17.39999962,13.69999981,4,0.156780869,生立木,0,0,0,0,0,1,,54.59999847,136.9197874,37.30104232,144392.258,-21886.032
1086,-1,スギ,17,13.39999962,3.599999905,0.147275776,生立木,0,0,0,0,0,1,,53.40000153,136.9197277,37.30103365,144391.31,-21891.324
1087,-1,スギ,13.80000019,11.30000019,2.799999952,0.086252861,生立木,0,0,0,0,0,1,,43.29999924,136.9198101,37.30106013,144394.229,-21884.009
1088,-1,スギ,16.5,13.10000038,3.200000048,0.136637688,生立木,0,0,0,0,0,1,,51.79999924,136.9198827,37.30110795,144399.519,-21877.562
1089,-1,アテ,20.10000038,15.19999981,2,0.224093959,生立木,1,0,0,0,0,1,,63.09999847,136.9197476,37.30108953,144397.506,-21889.54
1090,-1,アテ,21.5,15.89999962,3.099999905,0.263912231,生立木,1,0,0,0,0,1,,67.5,136.9198808,37.30118002,144407.517,-21877.706
1091,-1,スギ,25.74880028,19.5,0.562399983,0.462795645,生立木,0,0,0,0,0,1,,80.69999695,136.9197986,37.30116897,144406.31,-21884.998
1093,-1,スギ,12.10000038,10.10000038,7.199999809,0.061288331,生立木,0,0,0,0,0,1,,38,136.9197966,37.30102806,144390.673,-21885.214
1095,-1,スギ,63.20000076,27,21.70000076,3.260202646,生立木,0,0,0,0,0,1,,198.5,136.9198066,37.30104426,144392.469,-21884.324
1096,-1,スギ,15.19999981,12.30000019,4.400000095,0.111110419,生立木,0,0,0,0,0,1,,47.70000076,136.9198475,37.301034,144391.321,-21880.704
1098,-1,スギ,21.29999924,15.80000019,0,0.257974476,生立木,0,0,0,0,0,1,,66.90000153,136.9199581,37.30107875,144396.262,-21870.882
1099,-1,スギ,24.5,17.39999962,0,0.363387913,生立木,0,0,0,0,0,1,,76.90000153,136.9199184,37.30108607,144397.083,-21874.403
1101,-1,スギ,24.10000038,17.20000076,0.800000012,0.348967344,生立木,0,0,0,0,0,1,,75.69999695,136.9198236,37.30108254,144396.712,-21882.81
1102,-1,スギ,22.70000076,16.5,4.800000191,0.301329672,生立木,0,0,0,0,0,1,,71.30000305,136.92004,37.30117477,144406.898,-21863.594
1103,-1,スギ,18.79999924,14.5,2.200000048,0.190074816,生立木,0,0,0,0,0,1,,59,136.9199535,37.30115255,144404.452,-21871.272
1104,-1,アテ,34.40000153,21.10000038,2.400000095,0.799406946,生立木,0,0,0,0,0,1,,108,136.9198887,37.30112873,144401.824,-21877.026
1105,-1,スギ,58.20000076,26.29999924,1.299999952,2.713888884,生立木,0,0,0,0,0,1,,182.8000031,136.919876,37.30115434,144404.669,-21878.145
1106,-1,スギ,14.30000019,11.69999981,1.299999952,0.09499488,生立木,0,0,0,0,0,1,,44.90000153,136.9197487,37.30099663,144387.197,-21889.473
1108,-1,スギ,54.59999847,25.70000076,0,2.348074436,生立木,0,0,0,0,0,1,,171.5,136.9199779,37.30112828,144401.753,-21869.111
1109,-1,スギ,14.69999981,11.89999962,0,0.101439074,生立木,0,0,0,0,0,1,,46.09999847,136.9199665,37.30113587,144402.598,-21870.128
1110,-1,スギ,15.69999981,12.60000038,2,0.12046925,生立木,0,0,0,0,0,1,,49.29999924,136.9200111,37.30115727,144404.962,-21866.16
1111,-1,スギ,12.30000019,10.19999981,5.099999905,0.063713126,生立木,0,0,0,0,0,1,,38.59999847,136.919949,37.30118475,144408.026,-21871.662
1114,-1,スギ,18.79999924,14.5,0,0.190074816,生立木,0,0,0,0,0,1,,59,136.9198139,37.30101161,144388.844,-21883.688
1115,-1,スギ,17.89999962,14,3.099999905,0.168369204,生立木,0,0,0,0,0,1,,56.20000076,136.9198733,37.30104893,144392.972,-21878.413
1116,-1,スギ,56.75609589,28.5,2.21690011,2.857851267,生立木,0,0,0,0,0,1,,178.1000061,136.9198975,37.30104362,144392.376,-21876.269
1117,-1,スギ,43.79999924,23.60000038,9.100000381,1.416658163,生立木,0,0,0,0,0,1,,137.6000061,136.9200533,37.30114142,144403.194,-21862.426
1118,-1,スギ,16.5,13.10000038,8.600000381,0.136637688,生立木,0,0,0,0,0,1,,51.79999924,136.9200702,37.30115379,144404.562,-21860.929
1119,-1,スギ,45.20000076,23.89999962,3.400000095,1.523319602,生立木,0,0,0,0,0,1,,141.8999939,136.9201812,37.30115862,144405.073,-21851.086
1148,-1,スギ,17.70000076,13.80000019,4.099999905,0.162805006,生立木,0,0,0,0,0,1,,55.59999847,136.9200314,37.3012191,144411.819,-21864.346
1152,-1,スギ,18,14,2.200000048,0.170080245,生立木,0,0,0,0,0,1,,56.5,136.92009,37.3012084,144410.619,-21859.15
1166,-1,スギ,16.20000076,12.89999962,3.400000095,0.130308166,生立木,0,0,0,0,0,1,,50.79999924,136.9200613,37.30118137,144407.626,-21861.708
1167,-1,スギ,15.30000019,12.30000019,6.400000095,0.112440675,生立木,0,0,0,0,0,1,,48,136.9201122,37.30116682,144405.998,-21857.198
1168,-1,スギ,14.80000019,12,14.39999962,0.103487186,生立木,0,0,0,0,0,1,,46.40000153,136.9200886,37.30117915,144407.373,-21859.283
1169,-1,アテ,30.39999962,19.70000076,2.400000095,0.602499068,生立木,0,0,0,0,0,1,,95.5,136.9201915,37.30113891,144402.884,-21850.175
1170,-1,スギ,37.79999924,22.10000038,1.5,1.001947165,生立木,0,0,0,0,0,1,,118.6999969,136.9201512,37.30116768,144406.085,-21853.739
1177,-1,スギ,35.20000076,21.29999924,2.200000048,0.843123078,生立木,0,0,0,0,0,1,,110.5,136.9201759,37.30110066,144398.643,-21851.573
1178,-1,スギ,27.89999962,18.79999924,6.599999905,0.493929893,生立木,0,0,0,0,0,1,,87.59999847,136.9201718,37.30112695,144401.561,-21851.928
1179,-1,スギ,22.70000076,16.5,7.900000095,0.301329672,生立木,0,0,0,0,0,1,,71.30000305,136.9202315,37.30112363,144401.178,-21846.633
1180,-1,アテ,20.89999962,15.60000038,4.900000095,0.246350378,生立木,0,0,0,0,0,1,,65.59999847,136.920179,37.30120671,144410.41,-21851.269
1181,-1,スギ,47.82479858,26.70000076,2.698899984,1.959176064,生立木,1,0,0,0,0,1,,150.1000061,136.9201971,37.30120047,144409.713,-21849.662
1183,-1,アテ,20.5,15.39999962,4.099999905,0.235058188,生立木,0,0,0,0,0,1,,64.40000153,136.9202086,37.30110031,144398.596,-21848.669
1184,-1,アテ,34.5,21.10000038,4.199999809,0.803851306,生立木,0,0,0,0,0,1,,108.3000031,136.9202587,37.30113678,144402.632,-21844.221
1185,-1,スギ,40.59999847,22.79999924,2.599999905,1.184452295,生立木,0,0,0,0,0,1,,127.5,136.9202372,37.3011557,144404.736,-21846.118
1186,-1,スギ,40.29999924,22.70000076,1.799999952,1.162724972,生立木,0,0,0,0,0,1,,126.5999985,136.9202121,37.30116274,144405.523,-21848.346
1192,-1,スギ,48.79999924,26.89999962,2.799999952,2.047885895,生立木,0,0,0,0,0,1,,153.3000031,136.9200969,37.30115386,144404.564,-21858.56
1193,-1,スギ,15.89999962,12.69999981,4,0.124167077,生立木,0,0,0,0,0,1,,49.90000153,136.9200468,37.30112701,144401.596,-21863.011
1194,-1,スギ,13.89999962,11.39999962,5,0.088100508,生立木,0,0,0,0,0,1,,43.59999847,136.920027,37.30111693,144400.482,-21864.764
1196,-1,スギ,23.39999962,16.89999962,3.700000048,0.325487167,生立木,0,0,0,0,0,1,,73.5,136.9200786,37.30110982,144399.681,-21860.197
1199,-1,スギ,49.29999924,24.79999924,8.899999619,1.865073442,生立木,0,0,0,0,0,1,,154.8000031,136.9201233,37.30113336,144402.283,-21856.228
1200,-1,スギ,26.60000038,19.89999962,0,0.503622115,生立木,0,0,0,0,0,1,,83.5,136.9202095,37.301055,144393.567,-21848.601
1201,-1,スギ,22.60000038,18,0,0.290596008,生立木,0,0,0,0,0,1,,70.90000153,136.9202378,37.30107535,144395.819,-21846.086
1203,-1,アテ,26.20000076,18.10000038,2.700000048,0.425577998,生立木,0,0,0,0,0,1,,82.30000305,136.9202685,37.30112449,144401.266,-21843.357
1206,-1,スギ,21.89789963,17.60000038,3.711100101,0.310939968,生立木,0,0,0,0,0,1,,68.40000153,136.9203354,37.30117026,144406.329,-21837.41
1215,-1,アテ,24.10000038,17.20000076,4.800000191,0.348967344,生立木,0,0,0,0,0,1,,75.69999695,136.9202286,37.30120712,144410.444,-21846.865
1218,-1,スギ,18,14,0.899999976,0.170080245,生立木,0,0,0,0,0,1,,56.5,136.9201147,37.30108012,144396.377,-21856.998
1219,-1,スギ,28.10000038,18.89999962,1.5,0.502818465,生立木,0,0,0,0,0,1,,88.19999695,136.9201391,37.30109642,144398.18,-21854.833
1230,-1,スギ,45.70000076,24,3.700000048,1.562105894,生立木,0,0,0,0,0,1,,143.5,136.9204779,37.30119417,144408.949,-21824.774
1234,-1,アテ,27.39999962,18.60000038,5.199999809,0.473310351,生立木,0,0,0,0,0,1,,86,136.9205345,37.30122195,144412.019,-21819.744
1235,-1,スギ,16.20000076,12.89999962,1.799999952,0.130308166,生立木,0,0,0,0,0,1,,50.79999924,136.9204983,37.30125698,144415.915,-21822.94
1240,-1,スギ,16.60000038,13.19999981,0,0.139112458,生立木,0,0,0,0,0,1,,52.09999847,136.9204538,37.30121053,144410.77,-21826.906
1241,-1,アテ,28.39999962,19,7.800000191,0.515093803,生立木,1,0,0,0,0,1,,89.19999695,136.9205082,37.30118401,144407.815,-21822.091
1242,-1,広葉樹Ⅱ型,41.70000076,25.20000076,0,1.416055322,生立木,0,0,0,0,0,1,,131,136.9206298,37.3012024,144409.828,-21811.306
1251,-1,スギ,17.20000076,13.5,2.799999952,0.151466161,生立木,0,0,0,0,0,1,,54,136.9205805,37.30121959,144411.746,-21815.672
1253,-1,スギ,50.4917984,27.29999924,0.635900021,2.211604357,生立木,0,0,0,0,0,1,,158.3000031,136.9208678,37.30137153,144428.541,-21790.157
1254,-1,アテ,28.10000038,18.89999962,1.399999976,0.502818465,生立木,0,0,0,0,0,1,,88.19999695,136.9205331,37.30118847,144408.304,-21819.883
1256,-1,スギ,11.10000038,9.300000191,3.099999905,0.048581962,生立木,0,0,0,0,0,1,,34.79999924,136.9207214,37.30136366,144427.702,-21803.132
1263,-1,スギ,44.86090088,26,2.542099953,1.697705507,生立木,0,0,0,0,0,1,,140.6999969,136.9209135,37.30138345,144429.854,-21786.099
1267,-1,スギ,58.70189667,28.79999924,1.730499983,3.071129084,生立木,0,0,0,0,0,1,,184.3999939,136.920958,37.30139748,144431.401,-21782.154
1269,-1,スギ,50,24.89999962,1.600000024,1.923623085,生立木,0,0,0,0,0,1,,157,136.9210918,37.30145395,144437.636,-21770.273
1272,-1,スギ,39.87090302,24.70000076,3.011600018,1.300756574,生立木,0,0,0,0,0,1,,125,136.921081,37.3015295,144446.023,-21771.21
1278,-1,スギ,51.79999924,25.20000076,1.799999952,2.082584381,生立木,0,0,0,0,1,1,,162.6999969,136.9211394,37.30140788,144432.513,-21766.067
1280,-1,スギ,33.29999924,20.70000076,4.199999809,0.737202406,生立木,0,0,0,0,1,1,,104.5999985,136.9211546,37.30147044,144439.452,-21764.698
1281,-1,スギ,43.29999924,23.5,0.5,1.380120516,生立木,0,0,0,0,1,1,,136,136.9211693,37.3015097,144443.805,-21763.39
1282,-1,スギ,61.90000153,26.79999924,2.299999952,3.11035347,生立木,0,0,0,0,0,1,,194.3999939,136.9211197,37.30149761,144442.475,-21767.786
1283,-1,スギ,43.90000153,23.60000038,1.100000024,1.422842383,生立木,0,0,0,0,0,1,,137.8999939,136.9211544,37.3015285,144445.895,-21764.702
1284,-1,スギ,32.90000153,20.60000038,2.099999905,0.716938436,生立木,0,0,0,0,0,1,,103.3000031,136.9211106,37.30151513,144444.421,-21768.589
1285,-1,スギ,49.39410019,27.10000038,1.588199973,2.109109163,生立木,0,0,0,0,0,1,,154.8000031,136.9210765,37.3015014,144442.906,-21771.616
1291,-1,スギ,51.58679962,27.5,1.96420002,2.316733837,生立木,0,0,0,0,0,1,,161.6999969,136.9209357,37.30138692,144430.233,-21784.135
1295,-1,スギ,29.89999962,19.60000038,0.699999988,0.581908703,生立木,0,0,0,0,1,1,,93.90000153,136.9211327,37.30143236,144435.231,-21766.649
1296,-1,スギ,30.5,19.79999924,1.700000048,0.608925641,生立木,0,0,0,0,1,1,,95.80000305,136.921163,37.30143303,144435.299,-21763.965
1301,-1,スギ,21.79999924,16.10000038,1,0.273758203,生立木,0,0,0,0,1,1,,68.40000153,136.9211727,37.30148512,144441.076,-21763.092
1302,-1,スギ,33.59999847,22.70000076,0,0.875053406,生立木,0,0,0,0,1,1,,105.5,136.9211991,37.30151848,144444.773,-21760.743
1306,-1,スギ,22.89999962,18.10000038,2.5,0.346937895,生立木,0,0,0,0,1,1,,71.90000153,136.9211757,37.30153735,144446.873,-21762.816
1308,-1,スギ,40.87349701,25,0,1.377538204,生立木,0,0,0,0,0,1,,128.1000061,136.9211992,37.30156373,144449.794,-21760.722
1312,-1,スギ,48.5,24.60000038,2.400000095,1.793272138,生立木,0,0,0,0,0,1,,152.3000031,136.9211387,37.30154418,144447.639,-21766.092
